<?xml version="1.1" encoding="UTF-8"?>
<expression:EMFExpression xmi:version="2.0" xmlns:xmi="http://www.omg.org/XMI" xmlns:expression="http:///expression.ecore" id="tMap_1=>" expression="row3.delayedminutes == null ? 0 : row3.delayedminutes">
  <variables name="row3.aircraftid" value="null" talendType="id_String"/>
  <variables name="row3.timeid" value="null" talendType="id_Date"/>
  <variables name="row3.delaycode" value="null" talendType="id_String" nullable="true"/>
  <variables name="row3.flighthours" value="null" talendType="id_Double" nullable="true"/>
  <variables name="row3.flightcycles" value="null" talendType="id_Integer" nullable="true"/>
  <variables name="row3.cancellations" value="null" talendType="id_Integer" nullable="true"/>
  <variables name="row3.delays" value="null" talendType="id_Integer" nullable="true"/>
  <variables name="row3.delayedminutes" value="null" talendType="id_Double" nullable="true"/>
  <variables name="row3.scheduledoutofservice" value="null" talendType="id_BigDecimal" nullable="true"/>
  <variables name="row3.unscheduledoutofservice" value="null" talendType="id_BigDecimal" nullable="true"/>
</expression:EMFExpression>
