AuthorId,Name
57218202833,Gautam A.
7004904337,Crandall J.W.
7005513246,Goodrich M.A.
6508306234,Oliveira P.M.
9277159100,Hedengren J.D.
6507358470,Boaventura-Cunha J.
57204031131,Bunnell S.
6602649851,Gorrell S.E.
56830076500,Salmon J.
57204029674,Thelin C.
57204032253,Ruoti C.
57217149830,Richardson M.
57217149403,Cannon S.
57217145377,Teichert L.
57217146534,Vance A.
57217147399,Kramer I.
57217147006,Barter M.
57210571665,King J.
55611356500,Callahan C.
57218886193,Stankovic A.M.
57210260262,Sarić A.A.
6701777223,Saric A.T.
8448666000,Transtrum M.K.
36149254500,Hackney D.
57191155872,Goode T.
56681156600,Seng F.
35088650000,Pankow M.
7201741468,Schultz S.
7402786794,Peters K.J.
57191822951,Coburn J.Q.
57188654880,Freeman I.
57192247939,Svenda V.G.
57218593962,Walker Z.
57218593446,Wells T.
57218591162,Lay K.
57201772566,Sampad M.J.N.
16422844400,Schmidt H.
7102975249,Hawkins A.
57193338296,Wu F.
57194692502,Zhou Z.
57202017958,Temizel-Sekeryan S.
57205128747,Ghamkhar R.
55829396600,Hicks A.L.
57201634652,Larsen B.
57218685929,Hunt J.
18535712500,Hovanski Y.
56248593800,Peterson C.K.
10640480600,Casbeer D.
24923036100,Manyam S.G.
7201675107,Rasmussen S.
56330168500,Zou Z.
9942259800,Scott M.A.
57201257192,Miao D.
56260937200,Bischoff M.
57081918700,Oesterle B.
55487415500,Dornisch W.
7202083837,Rice M.
57210290270,Clark B.
57210288045,Flanary D.
57210287166,Jensen B.
57211254337,Nelson N.
57210292389,Norman K.
57218761022,Perrins E.
35147940600,Harrison W.K.
57201912667,Hendricks L.J.
7202282831,Baxter J.S.
57218107757,Chou Y.
57198832579,Thomas M.
57218097969,Boekweg E.
7003302831,Guthrie W.S.
16066928300,Mazzeo B.A.
56584019300,Mulford R.B.
57217581937,Salt S.D.
57214937519,Hyatt L.P.
57217581770,Meaker K.S.
55542008600,Dwivedi V.H.
56714263700,Jones M.R.
8608718200,Iverson B.D.
57194874146,Lu W.
8935141300,Cao Q.
57194231165,Xu B.
6601976036,Adidharma H.
35547089300,Gasem K.
7004479819,Argyle M.D.
55413647400,Zhang F.
55739722900,Zhang Y.
7201970805,Fan M.
57217041570,Webb D.
57200117690,Song Y.
57207689986,Rozsa J.
57200699937,Gustafson E.
7202316035,Austin D.E.
35209941000,Chiang S.W.
57219312906,Lam S.-H.
57215534774,Brewer E.
35303536900,Ng Y.-K.
57216811262,Erickson H.C.
8705255200,Homer E.R.
57218879246,Huang J.-S.
57218883196,Huang Y.-C.
57218883472,Kao C.-W.
57218875152,Hsu C.-W.
36444802300,Chen C.-H.
7402967162,Wallace J.W.
56196521900,Mahmood A.
35597296700,Jensen M.A.
55649569259,Mehmood R.
55849071700,Koch D.P.
57190404271,Wheeler D.O.
35562442700,Beard R.W.
7006542177,McLain T.
36668159600,Brink K.
57215136260,Weaver B.P.
56442655200,Kaufeld K.
55827824100,Warr R.L.
57197773578,Pack A.T.
57204761536,Phipps E.R.
7004300863,Mattson C.A.
8421746800,Dahlin E.C.
57203660684,White J.H.
57218095797,Clark R.
57218102993,Dickinson T.
57218105310,Loaiza J.
57197795830,Geiger D.W.
14033673100,Charles S.K.
57205285411,Rose M.T.
57205288709,Pielstick B.D.
57205293533,Jones Z.T.
6701746882,Sommerfeldt S.D.
10141271600,Gee K.L.
7202277096,Thomson S.L.
6701720294,Magleby S.P.
57211516485,Howell L.L.
57200077532,Willis J.
55613237293,Johnson J.
57208246750,Libano F.
57206834042,Wilson B.
7003292762,Wirthlin M.
19638969800,Rech P.
55301279200,Brunhaver J.
7402258065,Lawson J.
36987999600,Afran M.S.
7003868048,Saquib M.
57190402922,Ellingson G.
57199050938,Small K.A.
57211158470,Clayburn Z.
57195286623,DeMott R.
35790633100,Primig S.
12142543700,Fullwood D.T.
8715877100,Taheri M.L.
8929123100,Camacho R.M.
57215607275,Fish D.
57215609504,Simmons M.
57200118993,Awerkamp P.
57215613881,Anderson R.
57215598228,Carlson S.
57211987837,Laney J.
57209538650,Viglione M.
7005636820,Nordin G.P.
57202910818,Knighton B.E.
55213245300,Nielson M.
57211642778,Hardy R.T.
57196372172,Alejandro A.
57208225620,Rawlings L.
57209824884,Johnson J.A.
6701646284,Peatross J.
57216751001,Atkinson N.
57216748895,Hodge D.
36913263000,Pratt B.
57217283178,Romero M.
57216749286,Schulzke C.
7005357023,Ware M.
57192943554,Ottosson H.J.
56709287700,Hamilton E.S.
7003772744,Crane N.B.
57195970826,Aryal B.R.
57203943386,Ranasinghe D.R.
57193834529,Westover T.R.
57203942414,Calvopiña D.G.
7410190129,Davis R.C.
7007046711,Harb J.N.
7006111578,Woolley A.T.
56371366400,Fujimoto M.S.
57202818911,Lyman C.
7102523474,Clement M.
7003927879,Bunimovich L.
57217245563,Passey D.J.
57198519795,Smith D.
55100119300,Webb B.
39861044100,Borden M.J.
36708895400,Thomas D.C.
56692412900,Gunnarsson A.
57211105311,Andersson K.
7202518970,Adams B.
12445742400,Fredriksson C.
57218836048,Peters W.
57194504247,Jones T.
7202040335,Efimov A.
14631026900,Pedersoli E.
55159798000,Foglia L.
54941111500,Mincigrucci R.
55258876800,Nikolov I.
7006038251,Trebino R.
20735824800,Sandberg R.L.
55846910700,Danailov M.
6602657620,Capotondi F.
14033765300,Bencivenga F.
13005462200,Bowlan P.
55770396700,Frazer D.
56735940800,Bair J.L.
23099630500,Hosemann P.
57215680724,Warr C.
57205652801,Valdoz J.C.
57195427378,Bickham B.P.
57215684781,Knight C.J.
57215687139,Franks N.A.
57215697686,Chartrand N.
56251876800,Van Ry P.M.
7202687601,Christensen K.A.
56514586700,Cook A.
57197765353,Stevenson P.D.
57188681207,Hyatt P.
36349287300,Killpack M.D.
57189235340,Keller A.
55547123342,Anderson J.
25639041400,Wen S.-J.
55967471000,Fung R.
57218221803,Chambers C.
56387524600,Ganjalizadeh V.
57202735625,Wright J.G.
7003381644,Warnick K.F.
6701834327,Selvan K.T.
57202445593,Fistler M.
7004609408,Kerstein A.
8660143800,Lignell D.O.
6506736843,Oevermann M.
6507359986,Shamsabadi A.
57214365851,Schwicht D.E.W.
57212088299,Dasmeh A.
7003663333,Rollins K.M.
6602889035,Taciroglu E.
57216181629,Manandhar K.
36245410800,Ren Y.
57191110417,Stasak D.
56622088300,Hou H.
57195921912,Kirsch D.
57215904613,Sarker S.
7402756644,Mehta A.
57217317667,Sardar S.
57195591421,Xiao M.
57217789464,Weaver J.L.
57216183270,León C.
57207901363,Hart G.L.W.
34873697600,Sunaoshi T.
56767836200,Lemmon J.P.
7102900497,Takeuchi I.
57202776341,Bahari M.
57212879455,Malmberg M.A.
57212877661,Brown D.M.
57212877401,Hadi Nazari S.
35262249500,Lewis R.S.
7102405529,Watt G.D.
57212107391,Petrie A.
57216754583,Kinnison W.
8342785400,Layton K.
57190228554,Taysom B.S.
7102879142,Sorensen C.D.
57214076898,Clayton M.F.
57198146081,Bilodeau R.A.
7006441571,Bowden A.E.
55971908500,Jin M.
54415193700,Zhu B.
56489679500,Mo J.
55522618700,Yang Z.
55864283000,Zhang X.
57209110872,Wu R.
57206455220,Beutler J.
7103248108,Baxter L.
57191108291,Morgan W.S.
57212383793,Christensen J.E.
57212379321,Hamilton P.K.
57202904399,Jorgensen J.J.
7403279876,Campbell B.J.
6507391043,Forcade R.W.
57196261400,Kunzler J.W.
57214229367,Bartschi J.M.
57214855898,Schnepf P.D.
57215031057,Davis A.
6701610428,Vanfleet R.R.
7403218372,Jensen B.D.
57200515115,Kurniawan C.
57194698845,Baird S.
35409277700,Johnson O.K.
57193749678,Searle M.
55457444300,Crockett J.
6701863708,Maynes D.
57201666213,Park J.L.
55694540600,Canizales K.A.
7003545107,Woodfield B.F.
13406135400,Stowers K.J.
57203017789,Smiley A.J.
6701609778,Plett G.L.
7005052477,Godfrey P.C.
8750608700,Allen G.N.
57214071214,Benson D.
57193518829,Hansen L.T.
7006583274,Wagoner R.H.
55359526600,Lim H.
56911636200,Carroll J.D.
55272011900,Zhou G.
57203486012,Bong H.J.
57202293242,Ogbeibu S.
57203024588,Emelifeonwu J.
57160053200,Senadjki A.
36006215900,Gaskin J.
55944615300,Kaivo-oja J.
57191995369,Chen K.
57195515828,Horne R.R.
57211443769,Rich J.T.
57211435896,Bradley M.W.
7005408810,Pitt W.G.
57219015425,Lystrup C.
55813139600,George A.
57203836305,Zobell B.
57219009389,Boster K.
57219005376,Childs C.
57219006078,Girod H.
57218481091,Ploeg S.
57217024741,Gunther H.
57218482479,Camacho R.
34873482400,Skaggs P.
6507317548,Fulda N.
54781821400,Stout J.M.
57215052018,Baumgarten T.E.
57215058041,Stagg G.G.
56957771800,Cannon M.
57204469757,Perez-Celis A.
57188691775,Best C.M.
57188173800,Rupert L.
57202579348,Ong J.
57214718289,Richards D.
57193706327,Larsen J.L.
57193715705,McElderry J.
57188833818,Pehrson N.A.
57209881955,Ames D.C.
57209889565,Smith S.P.
56045493000,Arya M.
57217866402,Adamson M.
8244752200,Schultz G.G.
55727966500,Saito M.
57217871738,Stevens M.D.
57218270296,Pearce W.
57218269408,Landers N.
56215007300,Francom D.
50162863000,Walters D.J.
55422614200,Barber J.L.
6603288835,Luscher D.J.
13405030000,Lawrence E.
55904183100,Biswas A.
55279219900,Biwer C.M.
57211205845,Banesh D.
38662818500,Lazarz J.
57203219105,Vogel S.C.
14059027500,Ramos K.
6505524737,Bolme C.
7103004161,Ahrens J.
57202612841,Willey L.C.
36499438800,Garcia E.
55860312700,Von Moll A.
57204470823,Thurlow C.A.
57211518929,Gregg J.F.
56036628100,Anderson B.E.
16033650300,Remillieux M.C.
57195804520,Bilancia P.
24483038000,Berselli G.
57189375802,Park J.
57212455523,Price C.
6603286802,Pixton D.
57023931200,Aghito M.
24830555500,Nybø R.
6602776615,Bjørkevoll K.
56857577200,Leete K.M.
16643231700,Liu J.
55359090100,Wall A.T.
57217872286,Galvez de Leon P.
57217867341,Shahandashti S.K.F.
36893877000,Chamberlin R.
57189218211,Liu L.
48361087900,Diao J.
7005241866,Eckhardt B.
7006815587,Doering C.R.
36154754400,Whitehead J.P.
57193226888,Huang Z.
57216966389,Du X.
57208015963,Chen L.
57193230951,Li Y.
56584993700,Liu M.
7403329173,Jin L.
57204964732,James B.
12544690900,Quinn H.
54978625300,Goeders J.
57201947722,Manring L.
57209567638,Pederson J.
57209581042,Potts D.
55845968200,Boardman B.
14831622300,Mascareñas D.D.L.
12646372900,Harden T.
55788214400,Cattaneo A.
57219330558,Samuelson C.R.
57219332168,Duffy-Deno C.A.
57219327922,Whitworth C.B.
55220932600,Tippmann J.D.
56263319900,Qu Y.
55436436900,Shu W.
57218480110,Qiu L.
7004688501,Kuan Y.
7601550121,Chang J.S.
57201735120,Bopp D.G.
57216287696,Taylor E.
57216287324,Le K.
6506462706,Schima S.
8357777200,Hummon M.T.
7004945584,Kitching J.
9741060000,Kaoumi D.
12143690400,Ohara Y.
57208015244,Stuber Geesey M.A.
57052262900,Xi L.
57204944822,Schoell R.
7102369425,Bryan C.R.
6603460787,Enos D.G.
6603089864,Summa D.A.
12761902000,Ulrich T.J.
9279493200,Shayer Z.
57194034271,Cabas A.
53866135200,Beyzaei C.
55315026400,Franke K.
57216076371,Koehler R.
56818839700,Pierce I.
23570183200,Stuedlein A.
57216048774,Christie S.
7202049689,Tucker A.L.
57207774891,Zheng S.
57213342768,Gardner J.W.
7006410098,Bohn R.E.
56206655300,Sacchi C.
55368982000,Schlegel C.
56078804700,Rossi T.
57216040137,Noble M.
7102391180,Ruggieri M.
7402406630,Cheung K.-M.
7004398165,Marchese M.
6701655006,Granelli F.
35103143500,Popescu V.
7801550098,Murroni M.
14832404400,Conci N.
56221719300,Hunt J.P.
57210161259,Zhao E.L.
57203181568,Soltani M.
57212304730,Frei M.
55458271500,Nelson J.A.D.
56266132600,Bundy B.C.
57210289242,Greenwood J.
57209399454,Fanning D.T.
9245406100,Oliphant K.
57194053456,Goates C.B.
56968013300,Calton M.F.
6701723921,Copley D.C.
57202910211,Smith R.
57196421757,Rosen J.
24402340500,Ventura D.
55645613600,Sisodia S.M.
55546296200,Bull D.J.
6603579157,Gamstedt E.K.
28167695400,Mavrogordato M.N.
57212950333,Spearing S.M.
55945437600,Taus M.
7004277402,Rodin G.J.
55911870000,Hughes T.J.R.
57215811083,Searle H.
17434035200,Gomes M.
24726409500,Vilela J.P.
57191862517,Nyshadham C.
23091904000,Rupp M.
57208341600,Bekker B.
53878508900,Shapeev A.V.
56363360200,Mueller T.
56148594700,Rosenbrock C.W.
6602577617,Csányi G.
36176552000,Wingate D.W.
57189244450,Kamminga J.W.
57211332837,Jones M.
8231832400,Seppi K.
57192300416,Meratnia N.
6701454416,Havinga P.J.M.
57202064143,Johnston J.D.
57204597171,Cowger A.E.
57192662939,Graul R.J.
57210982957,Nash R.
57204035623,Tueller J.A.
57196952707,Hendrickson N.R.
57196950804,Robinson D.R.
57213874106,Beard J.D.
7402658393,Weber K.S.
56680952700,Josephson C.
55588035200,Ruoti S.
6601908155,Seamons K.
56102505100,Paré P.E.
57191620725,Grimsman D.
56819566000,Wilson A.T.
16178649400,Warnick S.
35729129900,Miao X.
53866006800,Chu H.
56126031600,Liu H.
36538565900,Yang Y.
57210585829,Li X.
57203978933,Sargent B.S.
57212415946,Brown N.
57205129154,Pires dos Santos R.
7402370024,Dean D.L.
57203310052,Weaver J.M.
57193627694,Ashcraft C.C.
35175200200,Shaikh M.T.
6602198438,Ogles B.
55948963100,Aldous P.
7005411524,Mercer E.
36459611200,Bingham E.
7402074463,Edward Gibson G.
34868168700,El Asmar M.
57126129700,Hogstrom C.
57205617484,Francis B.L.
57215432728,Nuttall J.R.
56677251600,Nelson T.
57208598187,Avila A.
7004307869,Herder J.L.
57205257595,Machekposhti D.F.
36503632200,Candia G.
16481299700,Mayoral J.M.
56331558100,Wood C.
47962305800,Montgomery J.
7101640734,Hutchinson T.
55916448500,Morales-Velez A.C.
57200363612,Fagergren F.
57212151348,Sypherd S.
57212147414,Snow D.
57212136375,Cunningham A.
57200529047,Neff C.
56112492400,Nussbaum J.
57215653879,Gardiner C.
18937960700,Zunino J.L.
57216187696,Newton M.
25627506700,Craddock T.J.A.
57210477807,Fletcher M.
7005345401,Klimas N.G.
7005976828,Broderick G.
57192067288,Johnson C.L.
57202855772,Moss C.D.
7406665619,Lee D.-J.
57212089454,Amin M.N.
57202116348,Hamblin M.
56709476900,Meena G.G.
57205025235,Brown O.
57202256915,Hanson R.
57193755486,Wood R.L.
57002749600,Robison R.
57208584595,Roundtree K.A.
35546747200,Adams J.A.
57003496300,Swindlehurst E.
57212110613,Jensen H.
57216244800,Chang M.-C.F.
7409253428,Wu J.-T.
57144864700,Chen Y.-F.
57194205673,Lin C.-S.
35078644900,Hong C.-F.
57204475222,Sun C.
8208317300,Lin H.-H.
55797091700,Zhao W.
57204783601,Yang X.
57192945685,Hu R.
56939117000,Liu C.
56585491000,Xuan J.
16308483700,Xu Y.
57200214703,Li T.
35311157900,Liu B.-F.
55345299700,Huang B.
56110251000,Mardkhe M.K.
57208682307,Corie T.H.
24779209500,Fernandes T.
56012631600,Wang T.
56487893500,Sidhar H.
7402648240,Mishra R.S.
57200884469,Upadhyay P.
57203221999,Carlson B.
6603570606,Shoemaker G.
55858031100,Wood A.E.
57211493546,Wilson A.E.
57205881788,Baker M.J.
57214032187,Baker W.H.
57208524360,Hanks K.N.
26634229600,Richards P.W.
7005934389,Randall G.C.
57208823236,Hansen K.R.
57190605478,Jackson B.
35508257500,Long D.G.
8321530600,Brodzik M.J.
7005709969,Hardman M.A.
57208255032,Badger J.C.
15848771600,Lang R.J.
7006533953,Halverson D.M.
57199980412,Guo C.
55475654800,Zhao D.
57191156976,Hammond A.
57209978209,Potokar E.
57118455800,Liu F.C.
7401431037,Nelson T.W.
24401574900,McCracken S.L.
7003498548,Sederberg T.W.
57207334294,Adams D.W.
56976354400,Okeson T.J.
57209659294,Barrett B.J.
57209655847,Arce S.
57204570329,Vernon C.A.
57210191104,Derricott J.
57214009254,Peterson C.
57217482839,Allen B.C.
57209640119,Ellingson J.
57210919648,Jain P.
57210912098,Farrell M.
57206968876,Jackson J.S.
56824897200,Nielsen J.
57210911049,Bidstrup C.
57210916608,Wynn J.S.
57205198823,Hutchings N.
57210927548,Dutson J.
57210928665,Allen D.
6602572190,Eggett D.L.
57210914089,Akagi J.
57203981655,Moon B.G.
57210920448,Chen X.
57202433366,Robles V.D.
56724258600,Khajah T.
7801676127,Villamizar V.
57194391871,Blackburn L.
57189491950,Young A.
57205348362,Rogers P.
51461952600,Powell K.M.
57191587072,Chelladurai I.
24295291100,Miles M.P.
23052031200,Niezgoda S.
7004495126,Beyerlein I.J.
12778890800,Knezevic M.
57194703295,Asimaki D.
57144565100,Tepalcapa S.
57189458176,Roman-de la Sancha A.
24080990600,Montalva G.
56323465700,Rojas-Nastrucci E.A.
57209274795,Griffin D.
7102483892,Weller T.M.
57200208018,May D.
36701008900,Aktas A.
7201687754,Advani S.G.
7202401225,Berg D.C.
12805837100,Endruweit A.
56257805000,Fauster E.
7005067917,Lomov S.V.
7202417224,Long A.
55927295500,Mitschang P.
6508257901,Abaimov S.
55931847400,Abliz D.
7004092560,Akhatov I.
56955794500,Ali M.A.
55778257800,Allen T.D.
6701664914,Bickerton S.
24504209800,Bodaghi M.
55247112800,Caglar B.
57207841000,Caglar H.
12780700500,Chiminelli A.
7006236094,Correia N.
16303239800,Cosson B.
55315191100,Danzi M.
57194063754,Dittmann J.
6701501207,Ermanni P.
24072733200,Francucci G.
57192140261,Grishaev V.
57207843958,Hancioglu M.
57207841443,Kabachi M.A.
57207846799,Kind K.
56473665600,Deléglise-Lagardère M.
23977815400,Laspalas M.
56308354900,Lebedev O.V.
36859700200,Lizaranzu M.
26221155700,Liotier P.-J.
24385613600,Middendorf P.
15081415200,Morán J.
7408416878,Park C.-H.
11042527300,Pipes R.B.
56185388600,Pucci M.F.
57207844500,Raynal J.
57189577432,Rodriguez E.S.
6602943081,Schledjewski R.
57207842677,Schubnel R.
39062078800,Sharp N.
7101608513,Sims G.
6602499334,Sozer E.M.
57202152216,Sousa P.
57213372150,Thomas J.
8555191500,Umer R.
57195579636,Wijaya W.
57207842193,Willenbacher B.
57203836326,Yong A.
55639502500,Zaremba S.
6602168494,Ziegmann G.
24759275600,McDonald J.K.
57207312334,Michela E.
57192981384,Davis H.C.
57190258899,Luc-Harkey B.A.
24333330300,Seeley M.K.
57189382200,Troy Blackburn J.
57203250533,Pietrosimone B.
57203957449,Teng J.
14059209700,Zhang D.
57201759181,Ling M.
16548784600,Cao J.
57210286057,Dryer Z.
57210287346,Nickerl A.
57210288854,Carreira M.
57214559823,Monteiro T.
6602749964,Gibby W.
57205512220,Parish W.
7102985794,Merrill R.M.
9739395200,Fernandez D.
57202736299,Anderson C.R.
57205515588,Merchel E.
57205514839,Parr R.
57194392244,Hicks D.
7006214218,Mehl M.J.
57194503011,Gossett E.
9845705900,Toher C.
7004929818,Levy O.
57194379165,Hanson R.M.
6603325558,Curtarolo S.
57191586637,Chatterjee S.
57208184650,Chapman S.C.
57189294915,Major G.H.
6701755273,Lunt B.M.
55200909800,Harrison C.R.
7004234161,Linford M.R.
56330970800,DeFigueiredo B.P.
57190247942,Tolman K.A.
57197791798,Crampton E.B.
57191995887,Andersen J.
57203240784,Dickinson L.
57193574682,Heidbrink S.
57208784903,Monson T.
56417117600,O'Neill M.
57203245208,Reese K.
57208771517,Spendlove B.
35621274900,Vaziripour E.
55681652500,Wu J.
7003445799,Zappala D.
55855376400,Nysetvold T.B.
57126390100,Gagakuma E.
57205509268,Fronk Z.
57208845618,Gross A.
57205502574,Willmore D.
57205849200,Arango A.
57205504743,Higham C.
57207222602,Nguyen V.
57205504946,Kale V.
57205502490,McMillan G.
7004339080,Seegmiller R.E.
57200375892,Pierce J.
57193720916,Gunter C.
6701421652,Fourment L.
57205270902,Mathis T.
57209887692,Pinto T.
57205763350,Forsgren B.
7004435321,Fonseca F.S.
56781290700,Fortes E.S.
36055605700,Parsekian G.A.
16041305200,Camacho J.S.
57215322624,Stanley Fujimoto M.
57204552603,Barton T.J.
57204551844,Linn J.
57204547933,Jenkins D.
57200690449,Arnold B.T.
57208717150,Lee A.
57204091960,Allen Q.S.
56353116200,Allen J.D.
6603717022,Hatch N.W.
57210923446,Chen J.
55652695700,Oh S.K.
57205329719,Nabulsi N.
57199801999,Johnson H.
57193242858,Wang W.
7005512824,Ryou J.-H.
57205263313,Hogg S.M.
36953700600,Le Bas P.-Y.
57202047395,Noronha D.H.
57193927413,Zhao R.
26029526200,Luk W.
7006799143,Wilton S.J.E.
57203922639,Stubbs C.J.
57196487336,Sun W.
16199522200,Cook D.D.
56985459400,Kraus D.
57195343816,Sherrod V.
57201722090,Day N.
56237421600,Cowley A.
55912340300,Vosughi A.
57201864184,Johnson C.
34874297000,Xue M.
10639679200,Roy S.
56854811600,Rich P.J.
55141781300,Hu H.H.
57190384916,Maestre J.
7005253700,Pallares J.
7004060735,Cuesta I.
55413434100,Collins D.H.
57197733358,Janke D.
57200390842,Monk A.
8392459500,Hunter A.
57200730892,Moore B.A.
53984647600,Mudunuru M.
56806547100,Chau V.
57201199846,Tchoua R.
57201509548,Karra S.
7006051256,O'Malley D.
6505878659,Rougier E.
8298784700,Viswanathan H.
35747244700,Srinivasan G.
57193565771,Leung H.
56315330500,Woodbury N.
16177635300,Dankers A.
57207108623,Brodie M.
57200290256,Tensmeyer C.
57207112163,Ackerman W.
7102270639,Martinez T.
55638504300,Youn C.C.
56798055200,Gates N.S.
57192697616,Moore K.R.
8621794000,Ning A.
57215306633,Newcomb J.E.
57201367093,Unrau M.A.
57189445479,Sanchez D.
55812232700,Munro T.
57192955909,La A.
55161739600,Howell B.
57211281996,Siebert J.
57211282830,Hill M.
57204903122,Hazen G.
57187178400,Morgan D.
57211282935,Hamilton M.
57216747100,Korimi M.
57216739000,Adams M.R.
16313800700,Smalley D.
57212553003,Pham H.
57200205435,Schroedter T.
57203241931,Smith T.
57212168814,Armknecht J.
57212172095,Cameron J.
57205292526,Rogers W.
57195066838,Neupane A.
57212106357,Clinton R.
57212103171,Whitehead J.
57211214561,Seat M.L.
57211216470,Wyatt Clegg B.
57212107036,Metro D.
57212104751,Cockrell J.
57212106857,Moffett T.
57212104028,Bonner N.
57204799155,Kincaid C.J.
57204803477,Vaterlaus A.C.
57204802622,Stanford N.R.
57219001134,Redd B.
57218994430,Ebert J.
57218994299,Twitchell A.
36677010800,Briceño X.
57204692730,Arabian F.
56747516900,Warner W.Y.
56071519600,Wilson M.E.
57212342916,Ynchausti C.
57212351695,Seymour K.
57212342217,Sheffield J.
57212343330,Armstrong A.G.
57192710054,Butler J.
57212351059,Hunter J.G.
57212341630,Andrews D.W.
57212277900,Brown T.
57188667076,Hope S.
57200534297,Stringham B.J.
57214773567,Smith D.O.
57212271263,Naylor T.A.
57111140800,Martin R.A.
57197737083,Sadler J.
57205761514,Day R.D.
57205766759,Bronson P.G.
57205762398,Tovar J.L.
7004511126,Tree D.R.
57200687939,Tobiasson J.R.
57200688910,Egbert S.C.
57031187500,Gong H.
57089497400,Johnson B.I.
57209912956,Avval T.G.
57209911428,Hodges G.T.
57211503118,Carver V.
57211500187,Membreno K.
7006120837,Allred D.D.
57209530205,Hooper K.
57215116223,Baker N.F.
57191952713,Stanley A.P.J.
36682113800,Dykes K.
56245452300,Annoni J.
35310092900,Fleming P.
57214589312,Thorum A.
57215007775,Page L.
36126203400,Hua Z.
7102843798,Hurley D.
57214451592,Yayoglu Y.E.
6603114735,Gallant N.D.
8641604600,Toomey R.
57201357657,Soderquist D.R.
57191570988,Orme A.
23027991800,List M.G.
7103035939,Rossiter J.A.
57212228353,Pope S.A.
7404957607,Jones B.L.
55849943100,Lundgreen R.
35338971800,Bai H.
57207260622,Starick T.
57195960835,Nittala S.
57203300120,Howland S.
13607032600,Jesiek B.
57209399640,Tyler J.
57212167791,Gatrell C.
57209394752,Howard D.
57211217749,Gibbons J.D.
57203661821,Lusk P.C.
46961076700,Glaab P.C.
7801515665,Glaab L.J.
56709364700,Stott M.A.
57208012133,Wagstaff K.B.
57208012227,Black R.
55698505100,Black J.A.
57203308821,Hueros R.A.R.
55326143600,Parks J.W.
57212351859,Goodson M.
7404766197,Anderson M.
57212271159,Stapleton T.
57205765859,Owens T.
57210375461,Ba Q.
56484754900,Cheng L.
6506942267,Lofthouse V.
6602562656,Bhamra T.
57202112010,Downing T.
57202120923,Anderson S.
57193360481,Wright L.
57205767010,Haskell M.
57205762391,Bowman E.
35435170000,Lingwall B.N.
55665473200,Youd T.L.
57204677450,Blonquist J.
57204677555,Liang J.H.
57204472177,Rowberry H.C.
56530707600,Noyce S.G.
54790496100,Craighead H.G.
26427694400,Jolly S.
57190256209,Datta B.
57191107247,Parthiban V.
55664291100,Michael Bove V.
7202317282,Katayama I.
57192070840,Kobayashi M.
57201700890,Gubaev K.
57195574701,Podryabinkin E.V.
57215333932,Khah F.S.
34868658300,Rybkowski Z.K.
57215305002,Ray Pentecost A.
7410171017,Smith J.P.
57215336161,Muir R.
57201360985,Terry J.S.
57212351343,Whitaker J.
6506328689,Neilsen T.B.
57194859276,Vaughn A.B.
15766049500,Swift S.H.
7202538835,Downing J.M.
15044701600,James M.M.
57216989927,Tilahun L.E.
57211502145,Gabriel Richardson J.
6507803480,Steven Turley R.
55634592700,Eargle D.
36713489900,Jenkins J.L.
35725132100,Brock Kirwan C.
36986090000,Anderson B.B.
55557218000,Abut F.
7102443026,Akay M.F.
7403558004,George J.
55247719300,Jain A.
56871132500,Stambaugh A.
7402407628,Patterson J.L.
56790117900,Yellowhorse A.
57212345817,Ignaut B.
57191362366,Zimmerman T.
57204968964,Bohman M.
55353164900,Cazzaniga C.
7101816954,Frost C.
24337245000,Arashida Y.
56023819400,Yamashita G.
10639240900,Matsubara E.
11043349200,Ashida M.
13411176900,Gou Y.
8922674200,Chen G.
57205595555,Peterson S.
9336961600,Stephens K.K.
16425686200,Hughes A.
57217471535,Purohit H.
56577741600,Sen U.
7102317656,Ganguly R.
57200514682,Yu L.
7003388995,Megaridis C.M.
16229559200,Banik J.A.
57207993531,Villa J.M.
56560118600,Ayoubi P.
57214608701,Roxanne Hiltz S.
55598006500,Imran M.
23668489900,Plotnick L.
15848894300,Power R.
57209871741,Turoff M.
6507447149,Pastusek P.
23012428800,Payette G.
56642521500,Shor R.
24780432200,Cayeux E.
55233755100,Aarsnes U.J.
7801636116,Menand S.
7101973402,Macpherson J.
35368447500,Gandikota R.
7801530241,Behounek M.
56689651300,Harmer R.
7005786977,Detournay E.
7801609389,Illerhaus R.
55922401500,Liu Y.
57191525048,Allender E.J.
41262329300,Orgel C.
57203758421,Almeida N.V.
57203801188,Cook J.
57203805526,Ende J.J.
57202763603,Kamps O.
56116155300,Mazrouei S.
57203801050,Slezak T.J.
57199854443,Soini A.-J.
56979909000,Kring D.A.
57205650285,Leavitt J.C.
56698926600,Lee D.S.
55627591500,King M.
57205652485,Evans W.
57193683516,Rice W.
57202192401,Kim K.M.
57203191415,Russell B.D.
57203142381,Emerson P.
55303499100,Bowen L.
56577817900,Wilcox E.
57189623841,Shrager A.
7003678761,Frecker M.I.
6602997992,von Lockette P.
7202539045,Simpson T.W.
55710750200,Temple K.
6508087756,Chalfant T.
57207110219,Ernst D.
57214580514,Kahn C.
57204110218,McGhin R.F.
26642910500,Hotchkiss R.
56549581200,Hotchkiss R.H.
7404022739,Cox J.J.
7003352704,Tikare V.
7102280128,Kurata M.
34976725300,Haut T.
6602423274,Wingate B.A.
57198044407,Huang X.
55736791400,Wang X.
7601492574,Wang Y.
57203572325,Zhu Y.
57201742316,Feeman S.M.
56463982900,Clavijo C.E.
55764401200,Stevens K.A.
6602549459,Chahal J.S.
6602123531,Ghorpade S.R.
57193089338,Frank I.W.
57201086222,Desrochers C.
26634282400,Prinz G.S.
57204595191,Shah D.
57204607180,Patel D.I.
56226072000,Roychowdhury T.
7003631423,Rayner G.B.
57204596520,O’Toole N.
7103236401,Baer D.R.
57195264521,Loiseau J.
35239803700,Bergen B.K.
37086141200,Moss N.D.
8329346700,Alin F.
55369699900,Ni Q.
57204830739,Hastings A.
57204825465,Jensen S.
7006372151,Hutchings B.L.
57203192064,Davis B.R.
57203188827,Ford H.
55619678900,Safdarnejad S.M.
57202852104,Barnwell N.V.
57202852946,Tryon J.E.
57202860730,Sadler A.L.
56701619800,Ding S.
8369472600,Das S.R.
57193322440,Brownlee B.J.
56376235200,Parate K.
57202237979,Davis T.M.
56702333100,Stromberg L.R.
7401994123,Chan E.K.L.
35336731800,Katz J.
23388379100,Claussen J.C.
57204695840,Larmore G.
57204695450,Perrinsy E.
56490084100,Boyce P.
57204693186,Harrisony W.K.
16197655400,Hess B.C.
56703039000,Loney D.A.
39362193900,Pevey K.C.
57197749025,McAlpin J.T.
57201022887,Nelsen B.W.
57217564448,Hargis B.H.
57190849274,Jiang Z.
57203184524,Cramer J.
57201465968,Adams D.
57203180153,Misha R.
7005486887,Sachdev A.
34874038200,Wright G.A.
57201366662,Collins N.S.
57201358872,Farnsworth M.S.
7202006620,Shen T.-C.
57194679331,Anderson C.M.
57194686620,Thompson S.K.
35791260000,Whitty K.J.
57198333909,Roy J.
56666222000,Kumar A.
7103392045,Choudhury D.
57216486642,Lee J.H.
57203661089,Millard J.D.
57203982016,Bean M.
57203992542,Wood D.
57203980122,Frandsen D.
57203980107,Burrow D.
57204553875,Jensen T.D.
57204546854,Bresciano K.A.
57204555914,Dallon E.
57204555396,Stewart E.
6507235629,Griffitts J.
57195398251,McMurray J.
57201484423,Olsen M.
57194155925,Orfila M.
55658283500,Lund J.
57203575128,Baskota A.
56897186700,Lansinger V.
57197726868,Medina J.
56261172000,Klein M.
57203731804,Johnson M.H.
57203372448,Rendon G.T.
57203247682,Reynolds J.
57202927332,Witzeman J.S.
7202608915,Henderson P.
57202921889,Welling A.G.
7801604567,Cosner R.
57204434337,Galan A.M.
56556056000,Hinton D.
57196465311,Cope M.
56740595400,Villanueva I.
56662711400,Campbell B.
56741048000,Raikes A.C.
56149906900,Jones S.
6603615600,Putney L.G.
57189843306,Zeng M.
57031532300,Beauchamp M.J.
14833931300,Cluff S.
36667397700,Song R.
57200118442,Whitehead N.
57202289360,Wood Chiang S.-H.
57202322450,Qian Z.
57202323019,Wan J.
56795914000,Liu W.
57202319101,Baradoy D.
36843900000,Dennis E.L.
8397084400,Wilde E.A.
6602089995,Newsome M.R.
6603684079,Scheibel R.S.
15521088300,Troyanskaya M.
56585583100,Velez C.
55449746800,Wade B.S.C.
57190247414,Drennon A.M.
7005085503,York G.E.
35228854600,Bigler E.D.
6505936159,Abildskov T.J.
23487261200,Taylor B.A.
7005412154,Jaramillo C.A.
55946643000,Eapen B.
6603354235,Belanger H.
57192063650,Gupta V.
8602381900,Morey R.
55249658600,Haswell C.
57207782220,Levin H.S.
23987692400,Hinds S.R.
24323203800,Walker W.C.
7403220237,Thompson P.M.
7103286989,Tate D.F.
12445208100,Bruening D.A.
55708105800,Pohl M.B.
56164575400,Takahashi K.Z.
35236338800,Barrios J.A.
57202045558,Dodson B.
56165315000,Hedges D.M.
7003387464,Steffensen S.C.
26039464700,Puleo C.
56747755300,Galligan C.
7005612595,Ashe J.
56386056100,Brivadis E.
57190794386,Bird E.T.
57201980753,Merrell J.
57190797086,Rosquist P.G.
57201983321,Martineau A.
56181255300,Balijepalli S.K.
57201724099,Penaloza J.
24465525600,Santos V.J.
57203246058,Kim D.
35994294500,Bryden K.M.
24758929200,MacCarty N.A.
57201645135,Stringer B.J.
57201646242,Shumway S.B.
57200335858,Holbrook M.D.
57217508772,Copeland C.G.
57201650328,Gosch A.A.
7102837693,Kück K.
57139150400,Yuan J.
7402422734,Fang S.
57203179434,Yuksel M.C.
57213087387,Tas F.M.
7005098852,Schuh C.A.
56896919700,Gallacher J.
57190371042,Ripa B.
7202035366,Butler B.
7102857304,Fletcher T.H.
23003275100,Chen J.Y.C.
6604032598,Kayen R.
9733496700,Kokusho T.
6602866368,Hazarika H.
26640997500,Dashti S.
57203180948,Calderon J.R.
57203180667,Franke T.K.
25522430900,Oettle N.K.
56244956300,Wham B.P.
57203192812,Louis-Kayen G.P.
57203180452,Sitar R.
57203185550,Louis-Kayen N.M.
56221901100,Wilding K.M.
57200686665,Smith A.K.
57200685059,Wilkerson J.W.
56425409300,Bush D.B.
6603410853,Knotts T.A.
56040243400,Jamal A.-S.
57193027820,Jung J.M.
7409879911,Kim C.
56029648000,Harrison R.G.
55130094700,Chetty V.
57193356353,Eves K.
57200371154,Olsen J.
56331127200,Shumway D.
35269204800,Hepworth A.I.
57203433787,Alvarez E.J.
23569552400,Farnsworth C.B.
57201393186,McDonnell T.
57201397713,Mehr J.
57215366913,Perdue T.
57215344746,Collett T.
57205285400,Nygaard E.
57164754700,Gneiting S.
56532087700,Qaderi K.
36944158600,Durfee D.S.
57204896057,Cardall H.
57204902069,Larsen A.
23093686000,Fry R.
57203179871,Browning J.S.
57188711588,Henrie A.
57200118672,Codling J.R.
57200117120,Christensen J.
57200121629,Burdette M.J.
57207688964,Nelson K.
57207687563,Dye S.
57200077021,Holtom J.
57200077390,Walton P.
57207692990,Smith J.
57207687950,Wallin N.
57207688651,Averett T.
57207695326,Killpack M.
57207686191,Thompson R.
57207685496,Hull T.
57204762755,Sellers A.D.
57204728159,Packer R.
57204719691,Prawitt D.G.
57204719621,Porter D.
57197733505,Whiting T.A.
57197728435,Sawyer K.B.
57190858572,Walton M.P.
57204435650,Laughlin E.
57204415715,Howe L.
57193610705,Talbot M.
15833172400,Rajnarayan D.
36618663400,Custer C.H.
57194636792,Dearden J.
55916540700,Grames C.
57196484337,Orr J.
57207228951,Dillon P.B.
57193727615,Eixenberger J.G.
7402549729,Jensen D.W.
57202088821,Machanzi T.
56300864300,Stone B.
57190492863,Wald M.O.
18042274300,Richey M.C.
7403368068,Campbell C.
57202916476,Campbell A.
7201389702,Hansen N.
16245460000,Hopkins B.
57202920062,Evans S.
57202911672,Campbell E.
6602761720,Cobos D.
57202607598,Russell D.N.
57196353469,Ishimwe E.
38061138100,Coffman R.A.
57202585105,Lopez J.S.
24081598300,Vera-Grunauer X.
57202572948,Salvatierra G.
55898266700,Leslie Youd T.
57202580740,Error B.M.
8724084200,Bush W.S.
7403085570,Crawford D.C.
14621428300,Briggs F.
8667231600,Freedman D.
24382111400,Sloan C.
46062451500,Szymanski R.
57188755995,Josephson A.J.
7005044056,Linn R.R.
56560099200,Abraham Martin R.
57202738247,Heiner B.K.
55502104200,Micah Downing J.
57203330644,Vaugh A.B.
55848648600,Hales Swift S.
56256103500,Reichman B.O.
55252859600,Hwang J.T.
8533888200,Brower D.V.
57207365951,Wilson J.C.
6603042352,High G.
6506484066,Witherow K.
56263632000,Shen W.
56263145300,Yan K.
7103222266,Lopes C.V.
15069700700,Riding K.A.
7005531426,Peterman R.J.
57203180502,Guthrie S.
15843313300,Brueseke M.
57203186135,Mosavi H.
57203188461,Daily K.
57203192544,Risovi-Hendrickson W.
55182745600,Amoroso S.
57195292516,Lusvardi C.
19934211900,Monaco P.
6603866674,Milana G.
57202577089,Morales C.
6505761847,Ledezma C.
36125615300,Sáez E.
56328064900,Putney L.
57191616632,Zhang J.
7202713087,Field D.P.
57202152391,Ruzindana M.
7003609448,Jeffs B.D.
57197521815,Black R.A.
57201658993,Burnett M.
7004347500,Pisano D.J.
7007155092,Lorimer D.R.
55286783200,Pingel N.
57120014600,Rajwade K.
6602913811,Prestage R.M.
55452524500,White S.
57212833949,Simon B.
57206024435,Hawkins L.
6507270351,Shillue W.
6602305778,Roshi D.A.
56218368600,Akamine M.
55837442300,Okamoto K.
7202751866,Teramoto S.
6506010179,Okunuki T.
35873737200,Tsutsumi S.
37113017300,Savidis N.
55919211300,Bove V.M.
57202785989,Lane S.
56020026900,Clark M.R.
57202743127,Jafek B.
36162907100,Eicholtz M.
57202741808,Hendershott J.
8410729500,Bolme D.
16043812000,Santos-Villalobos H.
54782837300,Lübeck A.
8048702500,Mohamad G.
57207228809,Milani A.S.
7005521036,Roman H.R.
56244640900,Kovacevic A.
57204902241,Tarnok Z.
55543519800,Jagadeesh C.
56237456900,Read M.
57200649104,Horak P.
57208645178,Leto A.
56890778700,Seaman C.H.
56094587000,Kipp R.M.
56890178400,Tang H.H.
55806548500,Bentley N.L.
56890669600,Le S.Q.
36082483100,Baird G.M.
57217723923,Guillou J.
50262207100,Lavadiya D.N.
6602335448,Fronk T.
7006253705,Ban H.
56797372300,Russell C.S.
57190380741,Bhat S.K.
7102402058,Kress J.D.
42261332500,Freeman C.J.
56397285100,Jiang Y.
56542307500,Morgan J.C.
34168247900,Sahawneh L.R.
57194787481,Wikle J.K.
57203298908,Kaleo Roberts A.
56380927900,Spencer J.C.
57189026693,Radzinski T.
57202626673,Luna A.
57202627167,Budd R.
57202627912,Besendorfer J.
57202627263,Hatch C.
57202627050,Han J.
16021781200,Gladstone R.
7004403207,Folkman S.
24492691800,Wang K.-A.
57201290781,Rahman L.O.A.
55601054600,Chung W.-S.
57207980336,Sanchez D.G.
57207994872,Tamashasky B.
55776361200,Villalon-Reina J.E.
37664688000,Ching C.R.K.
57205556489,Kothapalli D.
8691490200,Sun D.
55628341300,Nir T.
57201125120,Lin A.
47461179000,Forsyth J.K.
25930868900,Kushan L.
57194639611,Vajdi A.
8717447000,Jalbrzikowski M.
57194638369,Hansen L.
55832864500,Jonas R.K.
6701774874,Van Amelsvoort T.
55910450300,Bakker G.
57207550410,Kates W.R.
6603383055,Antshel K.M.
9741422500,Fremont W.
35236206700,Campbell L.E.
7005089148,McCabe K.L.
57202326782,Daly E.
55979578600,Gudbrandsen M.
7401764127,Murphy C.
7404062227,Murphy D.
7103269626,Craig M.
7103321645,Emanuel B.
7005251917,McDonald-Mcginn D.
9745660700,Ruparel K.
6507586174,Roalf D.
7103065698,Gur R.E.
57203234366,Schmitt J.E.
7202910012,Simon T.J.
9236660300,Goodrich-Hunsaker N.J.
57195976340,Durdle C.A.
54899597300,Doherty J.
57201121062,Cunningham A.C.
6701851503,Van Den Bree M.
7102905437,Linden D.E.J.
36044041500,Owen M.
57202194800,Moss H.
8517650500,Jahanshad N.
6701387944,Bearden C.E.
57201212051,Sanders S.
23060352300,Giraud-Carrier C.
55258864700,Hogge J.W.
7005371369,Giles N.F.
7006085792,Rowley R.L.
55665625900,Wilding W.V.
24335536400,Martin S.R.
40561545600,Merrell A.J.
7006001488,Christensen W.F.
6701752452,Dromey C.
57200248178,Black K.M.
57196000820,Ahmad W.
7402004420,Campbell K.S.
6602231941,Amare N.
57197730899,Kane E.
7101816438,Manning A.
56810920600,Naidoo J.S.
55764744500,Aslani P.
6603077820,Blotter J.D.
57217339723,Hoagland D.
57140193000,Bustamante D.
36011148100,Van Hoe B.
56155127800,Oman K.G.
6506311950,Van Steenberge G.
55212512700,Stan N.
57196086981,Draper S.R.E.
55981276700,Lawrence P.B.
57190261034,Billings W.M.
57196097542,Xiao Q.
57196096093,Brown N.P.
57196088013,Bécar N.A.
57196086109,Matheson D.J.
57190252027,Stephens A.R.
55456759700,Price J.L.
57202280527,Brewer J.
57202283319,Lee K.
57198318094,Hollenbeck M.
35195145200,Wamick K.
57196275913,Cathey C.
57196277369,Opra J.
55171433700,Weidman J.E.
55249877500,Coombs D.
57200860487,Bulloch R.
56703308500,Bodily R.
13605498800,Verbert K.
56716068400,Thacker K.S.
57203230997,Ferguson S.M.
57191031931,Brusati M.
37098602100,Camplani A.
56424241200,Chen H.
6701695863,Citterio M.
7006631262,Lazzaroni M.
56404157200,Takai H.
7005836251,Comer D.J.
57195596864,Sorensen S.T.
57195596391,Hopman A.
57195598039,Petersen M.
57195595627,Basko R.
57195600276,Ochsner S.
57193015007,Collins G.
57193015157,Tuttle N.J.
57193016069,Tracy J.B.
24081319400,Platt B.C.
57193435113,Kruman B.A.
57193430035,Nelson M.C.
57193433048,Hoybjerg T.G.
57192660307,Tuttle S.C.
57193429691,Myers S.J.
57193431261,Cook R.B.
57192964074,Killian M.
57193362917,Oldroyd J.
55780846900,Palmer A.
57193911152,Fernquest S.
55674595800,Rombach I.
56390719200,Park D.
7102503611,Pollard T.
57190974399,Broomfield J.
6508339625,Bangerter N.
57213262958,Carr A.
6506674242,Glyn-Jones S.
54410814200,Lee T.Y.
56716946800,Smith A.
6506645565,Elmqvist N.
14035040300,Boyd-Graber J.
10040303000,Findlater L.
55949256500,Hurd R.C.
56875349800,Speirs N.B.
36106810300,Belden J.
56875089300,Pan Z.
57198431633,Lovett B.
57198450286,Robinson W.
57198443855,Zamora M.A.
57198451372,Sharker S.I.
54911216200,Mansoor M.M.
57195332895,Merritt A.
14822519000,Truscott T.T.
56315352000,Shumway L.
56680505500,King R.
56492379200,Wall T.
57192307368,Davidson A.D.
57197800472,Pigg A.C.
57197797367,Curtis C.P.
56453304300,Jandron M.A.
57194875876,Tate Fanning D.
7005666650,Bower A.F.
35186389400,Senic D.
7406552522,Williams D.F.
7006715937,Remley K.A.
57192595504,Wang C.-M.
7101643443,Holloway C.L.
24465414600,Palmer J.
26644144000,Lavin C.
57193564939,Ahn E.-Y.
54399816500,Das H.
55726346900,Hong S.-T.
55585953300,Han K.-S.
8935514400,Lee K.-J.
56762988100,Park J.-W.
7401969039,Han H.N.
6603040755,Red E.
57192959498,Pedersen A.
57197710678,Tolman S.
57188688103,Wilson J.P.
57195420301,Bodily D.M.
7401970125,Allen T.F.
7103395611,Swift G.M.
24831334500,Wong R.
18038642000,Stone S.E.
57208709468,Garcia S.E.
57208710317,Wray K.W.
57208709846,Rowe W.J.
57170532300,Pfau K.H.
57208702517,Liu R.
57208707588,Holden J.
57208707585,Angeles A.
6508147112,Willits B.L.
57208706948,Robinson K.P.
57021948900,Jafek A.
55078951500,Bodily P.
57215280005,Jacobsen A.J.
6602958570,Snell Q.
57214010282,Barrett L.K.
57189351639,Fan J.
57194697486,Laughlin K.
57194141209,Danforth E.M.
55376424100,Suvorov A.
7006440923,Crandall K.
14057706900,Bybee S.
57195317234,Hurst W.
7102534973,Parkinson A.R.
26427435500,Warnick G.M.
36602439100,Davies R.
57195962821,Patrick B.
6507659000,Helps R.G.
57193603847,Bateman T.C.
57195962037,Sutton M.
57195964820,Hasler E.
57195961036,Williams J.L.
57195964763,Irvin J.J.
57195961251,Hirt J.R.
55672496100,Ziegenfuss D.H.
35413539100,Roberts M.W.
6507028828,Zoltowski C.B.
57190806425,Fuentes D.S.
36536647200,Claussen S.
57198919773,Martínez A.
54787829800,Hube M.A.
56672834700,Staves D.R.
6603625990,Red W.E.
57193008289,Zhang W.
57192816311,Renouard J.
55550262000,Wang N.
36167063600,Makhmalbaf A.
55550264900,Srivastava V.
7006420570,Hathaway J.E.
57192156100,Lorenzo G.
36675881600,Tew K.
35366248300,Gomez H.
57193845336,Kleinbaum S.
57193533805,Boettcher E.
23983490300,Ruokolainen R.
26323686000,Lee M.-G.
57194162490,Hammon S.
57194158491,Zacheu G.
35182844400,Du K.
57217654846,Cai H.
57192893058,Park M.
55544941800,Alfson K.J.
7202812767,Griffiths A.
6603907334,Carrion R.
7103123753,Mathies R.A.
55945072200,Prince D.R.
55944583700,Shen C.
56755464700,Wanik D.W.
35099253600,Parent J.R.
7005523706,Anagnostou E.N.
57031532600,Hartman B.M.
56364369100,Qi C.
57193409777,Badger P.
57193401477,Yu H.
56896749800,You Z.
55877167500,Yan X.
7404963860,Shi Y.
37105487900,Xia T.
7403361614,Dong J.
52663627000,Huang C.
14321763900,Du Y.
7003587356,Carsley J.E.
57195340095,Mishra R.K.
57194047397,Olsen C.R.
57193099661,Embley J.S.
57194047820,Henrichsen A.M.
57213462935,Peterson J.R.
35587077000,Colton J.S.
57212277009,Watt R.K.
55938156500,Smith T.J.
57194061052,Maxfield J.H.
56080900100,Erickson S.D.
57196655805,Buck D.C.
15831070600,Bowman K.E.
35615891900,Jensen C.G.
12646129300,Xing C.
36933855300,Jensen C.
57203178543,Lewis R.V.
7403131979,Hamada M.S.
7103186661,Steiner S.H.
7202711709,MacKay R.J.
39862017300,Reese C.S.
57194015684,Willoughby D.
57194006378,El-Essawi M.
35316779800,Baskaran R.
6508342170,Alanoly J.
57189227384,McDonald S.J.
19639917400,Colton M.B.
57189219942,Alder C.K.
56941526100,Eaton A.
56710953300,George M.W.
7005883030,Huffaker R.
55194109800,Sun G.
7004834766,Hewson J.C.
57190189579,He J.
8372868700,Astitha M.
55946345200,Frediani M.E.B.
6506269903,Vermeltfoort A.T.
23134948300,Martens D.R.W.
7004615647,Lourenço P.B.
23973526000,Ni R.
56369566500,Pendlebury J.
57193265581,McEwen B.
57190000029,McCall A.J.
55953141600,Balling R.J.
51461758000,Niedfeldt P.C.
56825569600,Ingersoll K.
7005903021,Archibald J.L.
12808778700,Ames D.P.
36240601900,Khoshniat A.
57189030360,Yekan T.
16027856900,Baktur R.
24177939700,Barker B.
35213554500,Johnson M.A.
23012861700,Noble P.
55444802600,Rodrigues L.M.
7004450337,Zumbrun K.
55326050200,Ozcelik D.
57212184217,Rahman M.
57189292901,Duffield M.O.
36137344800,Laycock R.G.
55486520500,Fernelius M.H.
57209397116,O’Neill M.
57212209717,Bunker D.
57191997521,Hendershot T.
57200659857,Richard F.R.Y.
57200641848,Briscoe T.
57117361200,Stark C.G.
57192010162,Willett K.
57214281810,Hill J.C.
55945088000,Fletcher M.E.
57202648414,Rhamati M.
57192643299,Safdari M.-S.
57200206301,Amini E.
57188753800,Richards A.P.
57202642302,Shutt T.
55235047300,Poornejad N.
57191474405,Buckmiller E.
57191477766,Schaumann L.
57205589719,Wang H.
8725937600,Wisco J.
7005654753,Roeder B.
56701050600,Reynolds P.
57125618000,Nash C.
57195419580,Rahmati M.
57200206650,Howarth J.
57200203866,DeYoung J.
57200201882,Hosler T.
57200201106,Harper C.
57200819002,Butler M.
57200201511,Williams T.
57189243866,Allen J.T.
57197765649,Hirschi E.
57195290099,Sperry R.
57191918589,Stoddard A.
57191921086,Gruwell A.
57191923986,Zabriskie P.
7004848095,Turley R.S.
57196471974,Thomas S.M.
57196475822,Willett S.G.
57196468765,Greenburg M.J.
57192318731,Perry S.B.
55660173800,McClelland H.G.
57193903292,Kang C.K.
6701876192,Woolsey C.A.
57193902758,Roberts A.K.
57193895552,Buck D.
57193900229,Cheney T.
57208928114,Frustaci J.B.
55354928800,Heath D.
57195720669,Ngo K.
57195718233,Thameem M.
57190859038,Peterson M.W.
57203222139,Webber T.
56156055700,Shishavan R.A.
57200576069,Sayre A.
10540655600,Frankman D.
36924577900,Baxter A.
55541477400,Stitt K.
56559677100,Ekstrom L.T.
57213582934,Harrington M.
7201793184,Desai A.
24824356000,Kochenderfer M.J.
56559765400,Fredrickson A.
23009691800,Nicks J.
57171695300,Fry A.
7101671848,Wendt J.O.L.
57200204063,Hopkins E.
56559548600,Holland T.
57200200833,Billings B.
57200207993,Roberts M.
56748981000,Tolman S.S.
56577146500,Ma F.
57188764210,Bai R.
56800225200,Marr K.M.
13410345300,Gallagher H.L.
55693760600,Harker B.M.
57194853790,Cook M.R.
35578275000,McKinley R.L.
56913378600,Skousen D.J.
56086163900,Jones K.N.
57191407630,Kowalski T.
57201909948,Tiwari R.
35408719100,Butail S.
55807632000,Baliyarasimhuni S.P.
57194116428,Scott E.
55932655400,Marsh A.
57209165874,Nguyen T.
7202842875,Shao L.
57193807582,Bender C.
57194008450,Wolfe D.
57193811936,Reimschiissel B.
26538762200,Sabau S.
7003702751,Oara C.
9636293200,Jadbabaie A.
57202040530,Mancini S.
23006267900,Parness A.
57203269936,Glorieux C.
57192908187,Ravert J.
6603263001,Cole-Rhodes A.
26325009000,Moazzami F.
56316070300,Yuan Y.
37057761700,Rai A.
35792700800,Yeung E.
16053936800,Stan G.-B.
56830082600,Goncalves J.
