VolumeId,PaperId
4be8f2fc-e408-42cf-9fc0-de35a098200e,c0e6164c-cc2b-4a4e-b4fd-d542f21479e0
4be8f2fc-e408-42cf-9fc0-de35a098200e,7508de66-671e-44b5-8e9b-e24d69258d93
4be8f2fc-e408-42cf-9fc0-de35a098200e,8ff09a90-4632-4190-ad57-b2d0c0802b66
4be8f2fc-e408-42cf-9fc0-de35a098200e,ce645ae5-3909-49dd-808f-a8cfb91dbd70
4be8f2fc-e408-42cf-9fc0-de35a098200e,5c165f59-bd03-446b-ac80-69984945f5d9
2f96b6f6-3b4f-43cc-bb4c-6219e1a7ddfb,b2342b43-b67e-456e-b1a4-f5272d4d7f01
2f96b6f6-3b4f-43cc-bb4c-6219e1a7ddfb,a89bcbbf-3d58-4eab-ab25-4d2f4ffd8e83
2f96b6f6-3b4f-43cc-bb4c-6219e1a7ddfb,bad999df-d399-424e-97dd-5342629a781d
2f96b6f6-3b4f-43cc-bb4c-6219e1a7ddfb,80679ccd-66e8-4495-9025-3e7b06249328
2f96b6f6-3b4f-43cc-bb4c-6219e1a7ddfb,7c0a0ea0-d342-49df-8f4d-4a3735ae271a
2f96b6f6-3b4f-43cc-bb4c-6219e1a7ddfb,8a0fd9bc-df4c-42eb-93f9-033d067febb1
9f41ae7a-3fb4-4955-9494-00f4fe9ed3f0,2a6cd9d3-d323-4959-93ee-edc4218bf9d5
9f41ae7a-3fb4-4955-9494-00f4fe9ed3f0,d5e260cd-8306-469c-ab1e-5c2111ef81fe
9f41ae7a-3fb4-4955-9494-00f4fe9ed3f0,7508de66-671e-44b5-8e9b-e24d69258d93
9f41ae7a-3fb4-4955-9494-00f4fe9ed3f0,4cde51cd-4dc8-4e25-aa38-fb2f4a98d8af
9f41ae7a-3fb4-4955-9494-00f4fe9ed3f0,26baa375-73e9-471f-9e7d-118d5d30b603
980c68ed-52b1-47ce-98ec-91ec0435dfb7,c660eb4d-cf03-4c12-917e-35d003571ded
980c68ed-52b1-47ce-98ec-91ec0435dfb7,8b7cd39e-0243-4232-8c84-2c5c474c09c0
980c68ed-52b1-47ce-98ec-91ec0435dfb7,cd1f5a18-cb34-4b97-b4b5-55d6a6f59feb
e5b9a465-9972-41c7-b1a7-1f4b83a9daaf,d5e260cd-8306-469c-ab1e-5c2111ef81fe
e5b9a465-9972-41c7-b1a7-1f4b83a9daaf,35df594e-d866-400b-8389-c51939fb66ce
e5b9a465-9972-41c7-b1a7-1f4b83a9daaf,698b3365-0b26-41d4-96df-0eea8b0ca825
1a532e46-2b58-406a-827c-a5409fecfe24,4fe012f1-1e7d-4602-8199-bec8467a59d2
1a532e46-2b58-406a-827c-a5409fecfe24,5d151d8c-4201-4960-a5ab-70e9e8d66c4b
1a532e46-2b58-406a-827c-a5409fecfe24,9c9d690d-78ce-4cc4-8844-e8833ac63dca
1a532e46-2b58-406a-827c-a5409fecfe24,e63879bf-6010-42bd-beda-ff2c5416412a
1a532e46-2b58-406a-827c-a5409fecfe24,f134534b-4945-459d-9325-0e7ad9e1b266
48b854c0-54b4-4ce8-92d3-a88c640a03a4,250cc56d-9891-479e-931f-1bc383cb229c
48b854c0-54b4-4ce8-92d3-a88c640a03a4,e789cbd2-abc5-41a2-bf56-3a5ea276dd24
48b854c0-54b4-4ce8-92d3-a88c640a03a4,4401327e-8678-45e0-a438-5d903f7b37c2
48b854c0-54b4-4ce8-92d3-a88c640a03a4,22ae2388-6b70-4426-b105-b1b5fae5a910
48b854c0-54b4-4ce8-92d3-a88c640a03a4,7eaef6d3-8cde-4bc7-aafe-e8304e2de26d
11af1f8f-5758-40f3-9ac0-270071e1da61,94ae6e70-f68f-45ba-a5b4-6c43ae088080
11af1f8f-5758-40f3-9ac0-270071e1da61,8c1f76aa-915d-4343-bf3f-ddc89591aa69
11af1f8f-5758-40f3-9ac0-270071e1da61,94f21f60-c3ea-4ff4-a571-c28721902c9e
e3b70faa-4ce3-46fc-a77f-09ea83161c10,535774b1-b252-423f-99b5-d36fbf98d028
e3b70faa-4ce3-46fc-a77f-09ea83161c10,7c0a0ea0-d342-49df-8f4d-4a3735ae271a
e3b70faa-4ce3-46fc-a77f-09ea83161c10,e259faf2-fb28-48c9-accc-c442691a2012
e3b70faa-4ce3-46fc-a77f-09ea83161c10,5d151d8c-4201-4960-a5ab-70e9e8d66c4b
e3b70faa-4ce3-46fc-a77f-09ea83161c10,e57eef9e-0189-4d45-a940-7676bd5bc64e
65d17c15-054f-403d-936a-22bb7eaecbe4,250cc56d-9891-479e-931f-1bc383cb229c
65d17c15-054f-403d-936a-22bb7eaecbe4,5893debf-7fb6-4e79-a947-4a37550ebbfb
65d17c15-054f-403d-936a-22bb7eaecbe4,ad41cb58-7de1-483d-94a5-3bad116810c2
3bd04d27-86e8-4fd8-b73e-f47c14c2c727,6d128833-ef8b-4bfd-ae8a-690cfc9edb4d
3bd04d27-86e8-4fd8-b73e-f47c14c2c727,07ad2f8a-2bdf-410b-892c-5b885cbf747b
3bd04d27-86e8-4fd8-b73e-f47c14c2c727,acb474c9-8727-4805-bfcb-61749a956687
3bd04d27-86e8-4fd8-b73e-f47c14c2c727,d853cc0e-ffb6-41fa-a794-21450ef1c936
a2ae4c87-0ba2-4d4e-b8a3-4598e546714e,301bca0e-b1b6-4294-bc88-aa15e01bb01f
a2ae4c87-0ba2-4d4e-b8a3-4598e546714e,2626ded0-bcef-4584-a44a-5f5f0a6d2c31
a2ae4c87-0ba2-4d4e-b8a3-4598e546714e,1f7008d7-334f-45ec-9b9b-12fbf59d691d
a2ae4c87-0ba2-4d4e-b8a3-4598e546714e,9076cc70-b292-42cf-bb3f-7e4b3f36d1b9
a2ae4c87-0ba2-4d4e-b8a3-4598e546714e,0894b7fb-ff75-4912-a256-535fc52512ef
c0323141-145f-4f2d-9d70-4e89feb6a372,4fa3c92b-5f2d-421b-b827-c4a866a5ebe0
c0323141-145f-4f2d-9d70-4e89feb6a372,06aac54b-93fa-4f02-a10e-2d14dce1b62c
c0323141-145f-4f2d-9d70-4e89feb6a372,d28c64eb-79dd-4cbb-848c-a901c6a1c432
c0323141-145f-4f2d-9d70-4e89feb6a372,e63879bf-6010-42bd-beda-ff2c5416412a
c0323141-145f-4f2d-9d70-4e89feb6a372,049b508c-addb-4613-8c9a-c5b0a319969b
39a64dd4-2ff8-45f7-ab5f-8caeb34751e3,5db500d1-bbe6-4928-b336-374bcde7a406
39a64dd4-2ff8-45f7-ab5f-8caeb34751e3,be3cfa09-717f-47b5-9281-603c2eb646b5
39a64dd4-2ff8-45f7-ab5f-8caeb34751e3,f7af2433-23e3-4f09-86bc-02f4ee195a1a
39a64dd4-2ff8-45f7-ab5f-8caeb34751e3,b54d4c5a-e42b-42d2-b80e-355635dfed8b
6e8800f6-93cb-421b-a67d-8fe4d660ee46,3f86d5f8-5b58-4021-ae71-14bc895813f7
6e8800f6-93cb-421b-a67d-8fe4d660ee46,1e12e895-a747-4e89-9058-c73d8afe0ed9
6e8800f6-93cb-421b-a67d-8fe4d660ee46,11a5bdad-34c4-43f3-b51d-a2a0ac062775
8f831f18-d422-458f-9dfa-38fdc3aa1b1a,948662ce-1854-4f21-9d57-289e292071e6
8f831f18-d422-458f-9dfa-38fdc3aa1b1a,8ca10314-2367-4396-81f5-97fc65964430
8f831f18-d422-458f-9dfa-38fdc3aa1b1a,250cc56d-9891-479e-931f-1bc383cb229c
6fe0680a-ac2a-4e15-a74b-8bf56dce3f69,948d631d-cf88-459e-9e37-0f63122154d4
6fe0680a-ac2a-4e15-a74b-8bf56dce3f69,d3b963ba-ae4e-4287-a45c-7cb39dc29e49
6fe0680a-ac2a-4e15-a74b-8bf56dce3f69,5563de5a-6cca-4d40-a5bc-b8deaac030c1
6fe0680a-ac2a-4e15-a74b-8bf56dce3f69,44f7367b-8a8f-42c8-b65f-02d8c9938279
6fe0680a-ac2a-4e15-a74b-8bf56dce3f69,f1db2b67-bb62-48c9-bf1f-ad4da2cbd9de
6fe0680a-ac2a-4e15-a74b-8bf56dce3f69,8f84c445-0a6c-4e67-8f57-9410dcc3aeaf
4aadaeb8-2b9b-44d1-bc96-57217a2062f5,05ff4250-8763-4c20-aff0-007fa63194c7
4aadaeb8-2b9b-44d1-bc96-57217a2062f5,8f84c445-0a6c-4e67-8f57-9410dcc3aeaf
4aadaeb8-2b9b-44d1-bc96-57217a2062f5,2410c808-64bc-4794-9994-01b89bbe29bc
4aadaeb8-2b9b-44d1-bc96-57217a2062f5,c6001088-bd37-4b47-8754-dc2188d53969
4aadaeb8-2b9b-44d1-bc96-57217a2062f5,b5f3170c-42cc-404c-8421-b4a55b480ef5
6e86bb31-21ed-4ce8-a024-c4089b9c07d4,828e6e5d-8a79-4654-af0c-7fe0b3f7e05a
6e86bb31-21ed-4ce8-a024-c4089b9c07d4,1fc302db-1ddd-4d70-b812-29e9e689e871
6e86bb31-21ed-4ce8-a024-c4089b9c07d4,d853cc0e-ffb6-41fa-a794-21450ef1c936
6e86bb31-21ed-4ce8-a024-c4089b9c07d4,741fbc7c-062d-4960-879d-eb1c95ef2904
6e86bb31-21ed-4ce8-a024-c4089b9c07d4,2681819c-790a-4ba1-9ed0-a9201532f499
6e86bb31-21ed-4ce8-a024-c4089b9c07d4,8d5d1cc8-f3f4-4313-ae28-f6bf939dcaeb
24300932-3152-4c68-b47c-284db2a5b7d0,83e90223-f4e6-4dd4-9e5b-abc0720bb725
24300932-3152-4c68-b47c-284db2a5b7d0,c0dcd6df-64c7-46ff-ba95-15c06a36de8c
24300932-3152-4c68-b47c-284db2a5b7d0,775acaac-4a18-42f4-9606-dd45bae1f6e4
24300932-3152-4c68-b47c-284db2a5b7d0,d4eca2c1-5c02-4032-9967-209c2061a0ac
24300932-3152-4c68-b47c-284db2a5b7d0,80d95a9f-c4a4-4970-aa2e-992f3c707492
9741027b-2da8-4497-833f-20e9ab272430,df4cec6b-9661-4675-a22a-0f2efab701bd
9741027b-2da8-4497-833f-20e9ab272430,58b3233b-78bf-4f5a-a396-3fe872a2b23e
9741027b-2da8-4497-833f-20e9ab272430,ccc7e881-a546-4011-b41d-9af3613b0395
00cfc7ca-1fc1-486f-95b2-2ebb54792def,4a60fb1d-356e-4d91-9093-133af393cce4
00cfc7ca-1fc1-486f-95b2-2ebb54792def,ad02917d-2c7b-4092-b20d-35309b5b6d94
00cfc7ca-1fc1-486f-95b2-2ebb54792def,d3609d65-3def-49b7-8384-d9cca9b6cbe7
c9e70b7b-bb3d-4308-b2e4-7a30b55f686a,174fe226-87fa-4d75-aee6-664063211cab
c9e70b7b-bb3d-4308-b2e4-7a30b55f686a,a9440291-5360-46c8-a9a7-aeb7ed32afaa
c9e70b7b-bb3d-4308-b2e4-7a30b55f686a,948662ce-1854-4f21-9d57-289e292071e6
097122d1-8939-498d-b81f-ca1536ae9536,33d66590-7755-4f51-9387-2bb6129bbfd4
097122d1-8939-498d-b81f-ca1536ae9536,22455548-c8f6-420c-858e-c3260d42b857
097122d1-8939-498d-b81f-ca1536ae9536,f690a0a2-05df-43c2-95c8-bb852ad0a1d8
097122d1-8939-498d-b81f-ca1536ae9536,ba9b936e-4809-4b9c-b991-261dc1360991
097122d1-8939-498d-b81f-ca1536ae9536,f5b347ed-5618-4524-a6c0-15915b68e09e
4ceb7895-5d21-4cbf-af1e-1f9dcc7c3f48,5fbca32f-8d65-4252-a7c3-7dc59590d81a
4ceb7895-5d21-4cbf-af1e-1f9dcc7c3f48,83e90223-f4e6-4dd4-9e5b-abc0720bb725
4ceb7895-5d21-4cbf-af1e-1f9dcc7c3f48,ccc7e881-a546-4011-b41d-9af3613b0395
4ceb7895-5d21-4cbf-af1e-1f9dcc7c3f48,52ee5c51-2e48-4dd2-ae27-13bbd776115d
4ceb7895-5d21-4cbf-af1e-1f9dcc7c3f48,73099301-fb41-4dec-92c3-8d884b063a16
4ceb7895-5d21-4cbf-af1e-1f9dcc7c3f48,faf2ca67-8574-48cb-8e3f-a4416b69105d
9333677c-20a3-48f5-95a9-c44cd8b49108,0d0e938c-8eb5-42d6-abc1-49eb77bcf6ed
9333677c-20a3-48f5-95a9-c44cd8b49108,828e6e5d-8a79-4654-af0c-7fe0b3f7e05a
9333677c-20a3-48f5-95a9-c44cd8b49108,fc4c1916-ad6e-469e-8f15-1e2a98170a3f
9333677c-20a3-48f5-95a9-c44cd8b49108,850934de-de72-4ae9-a7d3-c4865758a1d4
9333677c-20a3-48f5-95a9-c44cd8b49108,bbb340ea-33d1-45b2-8673-083f6e5114e9
61a78ae9-07fe-4e75-b7c8-949afaeb0989,8051bd8c-9bd0-4665-b3b7-df5fecf2dd01
61a78ae9-07fe-4e75-b7c8-949afaeb0989,294e54fe-1698-4eb2-814b-acc5d7286f9c
61a78ae9-07fe-4e75-b7c8-949afaeb0989,3591abe5-6b1f-40d2-b827-00bb6fea88cd
61a78ae9-07fe-4e75-b7c8-949afaeb0989,b421ffce-22c8-4e0e-b8ed-5079ce71513a
61a78ae9-07fe-4e75-b7c8-949afaeb0989,07ad2f8a-2bdf-410b-892c-5b885cbf747b
61a78ae9-07fe-4e75-b7c8-949afaeb0989,bcc4bf5b-334b-4373-bde1-559ff1093133
d937a88a-3d32-48c2-afad-5c3fa8b7d41a,92a24b4d-762d-4051-86d2-c70a43921e56
d937a88a-3d32-48c2-afad-5c3fa8b7d41a,75652410-b388-4599-ab6d-4ac1e047bf96
d937a88a-3d32-48c2-afad-5c3fa8b7d41a,2ee240fb-e7aa-4406-badb-f7b9bd4741d2
d937a88a-3d32-48c2-afad-5c3fa8b7d41a,5db500d1-bbe6-4928-b336-374bcde7a406
d937a88a-3d32-48c2-afad-5c3fa8b7d41a,ee51bfd7-4afb-4548-9501-ae39cca1ea7f
d937a88a-3d32-48c2-afad-5c3fa8b7d41a,3aa7d5f3-e9dd-4fcd-bbe6-541c4d4814d4
fdcfa5ea-23e4-406c-b44d-fa5be4725d7c,7508de66-671e-44b5-8e9b-e24d69258d93
fdcfa5ea-23e4-406c-b44d-fa5be4725d7c,e8b59533-ac62-4895-a77d-55eff7890842
fdcfa5ea-23e4-406c-b44d-fa5be4725d7c,9f8b0d79-605c-4bb9-90da-737412cae286
fdcfa5ea-23e4-406c-b44d-fa5be4725d7c,ee51bfd7-4afb-4548-9501-ae39cca1ea7f
fdcfa5ea-23e4-406c-b44d-fa5be4725d7c,9fbf08a4-7b08-4c87-9735-216608a21054
fdcfa5ea-23e4-406c-b44d-fa5be4725d7c,ffbe657d-3977-43a2-bca6-c165d7fea5de
c85ace73-981b-4c08-904e-94ede213aa0d,131fee31-af20-4ca2-b52a-91cd2d42fc88
c85ace73-981b-4c08-904e-94ede213aa0d,7665907d-0fa3-4f09-b46c-70932ceba535
c85ace73-981b-4c08-904e-94ede213aa0d,e3251238-8ee6-4a55-8cb5-53de030d42e1
2f5547dc-d330-46c9-a0e2-6a32fd2878cc,294e54fe-1698-4eb2-814b-acc5d7286f9c
2f5547dc-d330-46c9-a0e2-6a32fd2878cc,ccc7e881-a546-4011-b41d-9af3613b0395
2f5547dc-d330-46c9-a0e2-6a32fd2878cc,08518f67-c25e-4fbe-9511-51d3294cde3f
2f5547dc-d330-46c9-a0e2-6a32fd2878cc,a8db4d69-1b6e-4a06-954e-4639ab9151e1
2f5547dc-d330-46c9-a0e2-6a32fd2878cc,0ee40c2f-8855-4b68-a337-f20f366235c2
b7be2a7d-5283-4515-be83-9713f464d0d2,2f1eceec-96d5-475a-9db3-1371454f5927
b7be2a7d-5283-4515-be83-9713f464d0d2,65a5a088-7c0e-4080-aac6-c8340965305c
b7be2a7d-5283-4515-be83-9713f464d0d2,e3251238-8ee6-4a55-8cb5-53de030d42e1
b7be2a7d-5283-4515-be83-9713f464d0d2,69feb75d-d72d-414b-bed6-0e0530e8940e
b7be2a7d-5283-4515-be83-9713f464d0d2,21ecb21d-f73a-44ab-9105-b3cb2bf29164
91b1db0f-372b-4d31-8017-ddace700cc6d,22455548-c8f6-420c-858e-c3260d42b857
91b1db0f-372b-4d31-8017-ddace700cc6d,487d1219-5c4e-4976-bb3d-c6caf8811cde
91b1db0f-372b-4d31-8017-ddace700cc6d,66cf8c72-360b-4bbb-9f83-3757569eef06
91b1db0f-372b-4d31-8017-ddace700cc6d,ba9b936e-4809-4b9c-b991-261dc1360991
91b1db0f-372b-4d31-8017-ddace700cc6d,d0dbfb9d-50c9-4e1d-83ea-559cdacf915e
a0ed57fd-7c90-4a28-af03-6f5041ec3f38,227ab2c5-f2fb-402a-ae49-2b07040b0e78
a0ed57fd-7c90-4a28-af03-6f5041ec3f38,78b2eccb-d2d5-4a32-8f64-5284ff0c7486
a0ed57fd-7c90-4a28-af03-6f5041ec3f38,f348484a-1671-4133-93f2-8b72f2bac7a4
a0ed57fd-7c90-4a28-af03-6f5041ec3f38,d1bac25c-81d6-4e15-8f24-0f34ff553bd6
ccad5d1b-c3fd-4672-a096-d403efac609e,73099301-fb41-4dec-92c3-8d884b063a16
ccad5d1b-c3fd-4672-a096-d403efac609e,198c01ea-8891-4720-bd07-263217c53f56
ccad5d1b-c3fd-4672-a096-d403efac609e,639407fb-cbdb-4589-9a23-77941801807a
ccad5d1b-c3fd-4672-a096-d403efac609e,c20ab429-232a-4b62-ab41-20b41a31676e
ccad5d1b-c3fd-4672-a096-d403efac609e,e89bb491-a7d9-4b98-8a3b-04227ad8c4fa
69933847-06f4-435c-a379-8ee913445bec,11acbe7a-925d-45e2-a480-2bd74a73fb3f
69933847-06f4-435c-a379-8ee913445bec,174fe226-87fa-4d75-aee6-664063211cab
69933847-06f4-435c-a379-8ee913445bec,0607ded6-c6c3-4e2b-b8b4-628d08ee316b
aeb9c663-f8b0-4f2e-9d1b-4f04a11da166,c9dae9fc-231c-4456-beec-0112a939713a
aeb9c663-f8b0-4f2e-9d1b-4f04a11da166,b986afa1-6464-4988-848d-7b945dbc4ed9
aeb9c663-f8b0-4f2e-9d1b-4f04a11da166,0d0e938c-8eb5-42d6-abc1-49eb77bcf6ed
5bc47a1b-5ab1-4a9d-82a4-33a8d6cc3826,f690a0a2-05df-43c2-95c8-bb852ad0a1d8
5bc47a1b-5ab1-4a9d-82a4-33a8d6cc3826,d5e260cd-8306-469c-ab1e-5c2111ef81fe
5bc47a1b-5ab1-4a9d-82a4-33a8d6cc3826,0670204c-89ad-46c6-9dfc-6470333c9ba0
5bc47a1b-5ab1-4a9d-82a4-33a8d6cc3826,7eaef6d3-8cde-4bc7-aafe-e8304e2de26d
5bc47a1b-5ab1-4a9d-82a4-33a8d6cc3826,2dcce150-f53c-423f-bc7f-8bd55aa67e2d
cacab393-bdca-40cb-b658-f20375cb9d54,00ffdf83-7aa8-4100-b69f-6e300b5f1c54
cacab393-bdca-40cb-b658-f20375cb9d54,78ba7c49-435e-465e-8021-78da6619cc5b
cacab393-bdca-40cb-b658-f20375cb9d54,c5f2c3a1-1e81-46bc-8ffd-dc6296807350
cacab393-bdca-40cb-b658-f20375cb9d54,84086d44-3fb3-43fd-a7a2-d32e47b14375
cacab393-bdca-40cb-b658-f20375cb9d54,bb5ea502-8d19-4c61-85fc-75939382ea6f
cacab393-bdca-40cb-b658-f20375cb9d54,e3251238-8ee6-4a55-8cb5-53de030d42e1
e6e56803-e9cf-4204-8770-2080ad30dfd9,295da676-ee2f-461b-a7d9-c2fd239b6e72
e6e56803-e9cf-4204-8770-2080ad30dfd9,ad955955-d618-407b-a9c7-5f406f62af7a
e6e56803-e9cf-4204-8770-2080ad30dfd9,80fc9ddb-0318-4a33-a190-1a6fb7f53a47
e6e56803-e9cf-4204-8770-2080ad30dfd9,61ab0ac2-de77-4f95-90fc-5a64dc2a4776
e6e56803-e9cf-4204-8770-2080ad30dfd9,a4b5ae47-b23a-4cf8-a170-1159a9a61924
e6e56803-e9cf-4204-8770-2080ad30dfd9,1e12e895-a747-4e89-9058-c73d8afe0ed9
5735c004-7d3e-4dd7-ab2e-94b9e8e3e62c,8051bd8c-9bd0-4665-b3b7-df5fecf2dd01
5735c004-7d3e-4dd7-ab2e-94b9e8e3e62c,11a5bdad-34c4-43f3-b51d-a2a0ac062775
5735c004-7d3e-4dd7-ab2e-94b9e8e3e62c,9d6dc40a-df43-479e-b3f2-1e7386a1c94c
5735c004-7d3e-4dd7-ab2e-94b9e8e3e62c,206d7cc5-f4dc-451c-a732-9b7693671f83
5735c004-7d3e-4dd7-ab2e-94b9e8e3e62c,250cc56d-9891-479e-931f-1bc383cb229c
8571b1f8-9595-4616-8331-d5c79b2dae76,00ffdf83-7aa8-4100-b69f-6e300b5f1c54
8571b1f8-9595-4616-8331-d5c79b2dae76,a0adf04b-145f-444f-92ac-8d6d589f6daf
8571b1f8-9595-4616-8331-d5c79b2dae76,206d7cc5-f4dc-451c-a732-9b7693671f83
8571b1f8-9595-4616-8331-d5c79b2dae76,c81f2ee6-4678-4a35-9d61-a62fdde17849
8571b1f8-9595-4616-8331-d5c79b2dae76,250cc56d-9891-479e-931f-1bc383cb229c
c4e4ff1a-edd2-4595-93c4-f66a54cd750f,250cc56d-9891-479e-931f-1bc383cb229c
c4e4ff1a-edd2-4595-93c4-f66a54cd750f,8457f1a8-2313-494e-8017-74f32c45d3ec
c4e4ff1a-edd2-4595-93c4-f66a54cd750f,835e19c0-7f49-4d19-b004-fd7a231a0e43
c4e4ff1a-edd2-4595-93c4-f66a54cd750f,25bff77f-9fa2-45ff-8cfc-ea7946962aee
c4e4ff1a-edd2-4595-93c4-f66a54cd750f,94f21f60-c3ea-4ff4-a571-c28721902c9e
be2f9c76-d55d-4c6d-9595-b0f222a7139a,8a669eef-f00b-4879-a134-bf5fe756c817
be2f9c76-d55d-4c6d-9595-b0f222a7139a,0e088426-96ef-4eb0-88d8-2cb6ae0fd1d6
be2f9c76-d55d-4c6d-9595-b0f222a7139a,c81f2ee6-4678-4a35-9d61-a62fdde17849
be2f9c76-d55d-4c6d-9595-b0f222a7139a,2dcce150-f53c-423f-bc7f-8bd55aa67e2d
be2f9c76-d55d-4c6d-9595-b0f222a7139a,4401327e-8678-45e0-a438-5d903f7b37c2
7dc66737-b7c4-4802-a2fd-2039f9c197a9,9b7c54d1-857e-4710-b642-441d2a00c99b
7dc66737-b7c4-4802-a2fd-2039f9c197a9,d6702ec9-8fb2-4ecb-a8fe-42e03e037eca
7dc66737-b7c4-4802-a2fd-2039f9c197a9,ff6daca5-1859-4d45-8aa5-2a6abb9b473f
7dc66737-b7c4-4802-a2fd-2039f9c197a9,839f3754-fce6-4467-99ec-10ecaaaa9e45
7dc66737-b7c4-4802-a2fd-2039f9c197a9,44f7367b-8a8f-42c8-b65f-02d8c9938279
7dc66737-b7c4-4802-a2fd-2039f9c197a9,294e54fe-1698-4eb2-814b-acc5d7286f9c
a43a3c6d-ff50-4889-8856-dcc8a9cd9cd7,bab272f5-f93c-4a6f-8da8-e1f2cd3ab3c3
a43a3c6d-ff50-4889-8856-dcc8a9cd9cd7,294e54fe-1698-4eb2-814b-acc5d7286f9c
a43a3c6d-ff50-4889-8856-dcc8a9cd9cd7,80fc9ddb-0318-4a33-a190-1a6fb7f53a47
a43a3c6d-ff50-4889-8856-dcc8a9cd9cd7,2410c808-64bc-4794-9994-01b89bbe29bc
a43a3c6d-ff50-4889-8856-dcc8a9cd9cd7,8b7cd39e-0243-4232-8c84-2c5c474c09c0
a43a3c6d-ff50-4889-8856-dcc8a9cd9cd7,d468436d-5680-448c-89a9-30b54dc4958e
8620a8ef-5d62-41ff-9620-89c2696fb012,08518f67-c25e-4fbe-9511-51d3294cde3f
8620a8ef-5d62-41ff-9620-89c2696fb012,55c5e3a2-cd61-4eff-8e9d-a062df018c3c
8620a8ef-5d62-41ff-9620-89c2696fb012,0ee40c2f-8855-4b68-a337-f20f366235c2
8620a8ef-5d62-41ff-9620-89c2696fb012,9958ecfa-7fa1-44bc-9a86-04a5894bbd4f
8620a8ef-5d62-41ff-9620-89c2696fb012,3591abe5-6b1f-40d2-b827-00bb6fea88cd
8620a8ef-5d62-41ff-9620-89c2696fb012,21ecb21d-f73a-44ab-9105-b3cb2bf29164
8ce45e55-cdf3-4994-a92d-03b6773429a4,3783806e-f314-4138-8841-fb8e56e559cf
8ce45e55-cdf3-4994-a92d-03b6773429a4,ba9b936e-4809-4b9c-b991-261dc1360991
8ce45e55-cdf3-4994-a92d-03b6773429a4,e789cbd2-abc5-41a2-bf56-3a5ea276dd24
8ce45e55-cdf3-4994-a92d-03b6773429a4,6d128833-ef8b-4bfd-ae8a-690cfc9edb4d
8ce45e55-cdf3-4994-a92d-03b6773429a4,f5d2e868-18f4-46d0-a0aa-180614ddd840
2d03bc2b-d2b5-461d-a40f-62779b874dc4,1dd545c4-5369-4cb8-ac55-c92e7c0586a7
2d03bc2b-d2b5-461d-a40f-62779b874dc4,a50cbd72-a13e-4d27-8b4e-2bfd65a453d4
2d03bc2b-d2b5-461d-a40f-62779b874dc4,52cf9956-4f74-4381-a4e9-4b7c0b8c7833
2d03bc2b-d2b5-461d-a40f-62779b874dc4,f1db2b67-bb62-48c9-bf1f-ad4da2cbd9de
2d382834-93e4-40f2-9e28-5299ee93acae,e8b59533-ac62-4895-a77d-55eff7890842
2d382834-93e4-40f2-9e28-5299ee93acae,174fe226-87fa-4d75-aee6-664063211cab
2d382834-93e4-40f2-9e28-5299ee93acae,ad41cb58-7de1-483d-94a5-3bad116810c2
2d382834-93e4-40f2-9e28-5299ee93acae,a4b5ae47-b23a-4cf8-a170-1159a9a61924
170af1c4-7ff9-4089-b48d-938fa53d8335,4ce49db1-be21-4b6c-a3e5-d8269040ace8
170af1c4-7ff9-4089-b48d-938fa53d8335,25bff77f-9fa2-45ff-8cfc-ea7946962aee
170af1c4-7ff9-4089-b48d-938fa53d8335,8ff09a90-4632-4190-ad57-b2d0c0802b66
2f91e64b-37cf-4897-8489-82160d1a92d8,5f15392d-ef0b-4796-b4ad-072f80073799
2f91e64b-37cf-4897-8489-82160d1a92d8,bd0cae99-5ecd-4079-8ff9-14b5aea0187e
2f91e64b-37cf-4897-8489-82160d1a92d8,52d6c805-6a1a-4210-af8f-48baf2f93fbd
2f91e64b-37cf-4897-8489-82160d1a92d8,d695e686-ab1e-48db-8a94-dec7b1439001
8ea49242-f781-4028-adf7-5aebd6896347,22455548-c8f6-420c-858e-c3260d42b857
8ea49242-f781-4028-adf7-5aebd6896347,213f9c00-e012-460e-8b5f-9fecda7e6cc9
8ea49242-f781-4028-adf7-5aebd6896347,250cc56d-9891-479e-931f-1bc383cb229c
26b32d94-44f3-4958-8625-3a9391d99bb4,423235f5-56ea-422c-bdd9-c14545316ccb
26b32d94-44f3-4958-8625-3a9391d99bb4,4cde51cd-4dc8-4e25-aa38-fb2f4a98d8af
26b32d94-44f3-4958-8625-3a9391d99bb4,fad6b0de-9e89-48df-9bb8-0876e6bd1d43
26b32d94-44f3-4958-8625-3a9391d99bb4,408b9f07-025c-4348-a4ad-6aa59e5f2290
26b32d94-44f3-4958-8625-3a9391d99bb4,283a3202-ad61-43e9-a46b-f74ee8aeef2c
26b32d94-44f3-4958-8625-3a9391d99bb4,295da676-ee2f-461b-a7d9-c2fd239b6e72
5aee216e-6f49-4c28-b34d-247eed0a8ba0,93b82090-f9e8-4a5e-829f-d10a9963cd1a
5aee216e-6f49-4c28-b34d-247eed0a8ba0,44f7367b-8a8f-42c8-b65f-02d8c9938279
5aee216e-6f49-4c28-b34d-247eed0a8ba0,669e1191-b818-422e-88c7-e0a1fa450cdb
5aee216e-6f49-4c28-b34d-247eed0a8ba0,30c8b0c7-aac4-4056-b14a-cad47a8fbe7b
7fb8a99f-74bd-4bde-9392-3522640715ad,78b2eccb-d2d5-4a32-8f64-5284ff0c7486
7fb8a99f-74bd-4bde-9392-3522640715ad,7519437c-e741-4ee6-8d2e-86972a6ba169
7fb8a99f-74bd-4bde-9392-3522640715ad,80156453-bdca-4f35-b017-1151ea7fb279
7fb8a99f-74bd-4bde-9392-3522640715ad,d695e686-ab1e-48db-8a94-dec7b1439001
2a0e3f24-a00f-489c-8bf4-28fda46e590c,40730896-075a-425a-92a8-c420321c2060
2a0e3f24-a00f-489c-8bf4-28fda46e590c,d0dbfb9d-50c9-4e1d-83ea-559cdacf915e
2a0e3f24-a00f-489c-8bf4-28fda46e590c,250cc56d-9891-479e-931f-1bc383cb229c
2a0e3f24-a00f-489c-8bf4-28fda46e590c,6a49daf3-c88c-4a86-8c08-a0ff8aee1641
b5aac30e-2917-4ef7-adbe-e2d3c6effe2f,fea2dfd1-0724-4cd0-b480-710d98646c0c
b5aac30e-2917-4ef7-adbe-e2d3c6effe2f,3c463004-4ebe-4cb1-a441-68e48a0bdc68
b5aac30e-2917-4ef7-adbe-e2d3c6effe2f,839f3754-fce6-4467-99ec-10ecaaaa9e45
b5aac30e-2917-4ef7-adbe-e2d3c6effe2f,72d16176-15be-47ae-8bff-2aa19d09c76f
b5aac30e-2917-4ef7-adbe-e2d3c6effe2f,22455548-c8f6-420c-858e-c3260d42b857
b5aac30e-2917-4ef7-adbe-e2d3c6effe2f,d4eca2c1-5c02-4032-9967-209c2061a0ac
2348350e-7b38-4dc5-bb84-4680d4fbaeaa,6c080bbe-6366-475b-b6f1-efb3faae7e97
2348350e-7b38-4dc5-bb84-4680d4fbaeaa,58b3233b-78bf-4f5a-a396-3fe872a2b23e
2348350e-7b38-4dc5-bb84-4680d4fbaeaa,f690a0a2-05df-43c2-95c8-bb852ad0a1d8
2348350e-7b38-4dc5-bb84-4680d4fbaeaa,58b3233b-78bf-4f5a-a396-3fe872a2b23e
2348350e-7b38-4dc5-bb84-4680d4fbaeaa,131fee31-af20-4ca2-b52a-91cd2d42fc88
fe701899-8f70-4d74-9d06-36cb3b931eaf,75652410-b388-4599-ab6d-4ac1e047bf96
fe701899-8f70-4d74-9d06-36cb3b931eaf,b2e3f78f-9b53-4079-a223-1350bd0270ef
fe701899-8f70-4d74-9d06-36cb3b931eaf,1dd545c4-5369-4cb8-ac55-c92e7c0586a7
fe701899-8f70-4d74-9d06-36cb3b931eaf,7f5abeef-eeb8-4e8b-b501-45350f8cef29
36e30e6c-fbec-44e2-8823-494ed05e29e7,00ffdf83-7aa8-4100-b69f-6e300b5f1c54
36e30e6c-fbec-44e2-8823-494ed05e29e7,e3b03ee8-e170-4a8b-b81f-58dfd268e8af
36e30e6c-fbec-44e2-8823-494ed05e29e7,ba9829e4-d81a-4f2a-a2f4-14a399e9f494
65410bc3-5de7-46ac-9640-d8537ca0c702,f2678152-b87d-4fd4-a45c-7b6e479e3c4d
65410bc3-5de7-46ac-9640-d8537ca0c702,52d6c805-6a1a-4210-af8f-48baf2f93fbd
65410bc3-5de7-46ac-9640-d8537ca0c702,31d5d08f-33af-4e26-91bc-55b890c6adb1
65410bc3-5de7-46ac-9640-d8537ca0c702,b9248627-9fdd-417a-b01e-25b777bcdc27
65410bc3-5de7-46ac-9640-d8537ca0c702,a78c2aeb-3efb-4265-a860-ffb101f6a92c
edf4f179-4286-4409-9266-10ad27499e1a,69feb75d-d72d-414b-bed6-0e0530e8940e
edf4f179-4286-4409-9266-10ad27499e1a,5563de5a-6cca-4d40-a5bc-b8deaac030c1
edf4f179-4286-4409-9266-10ad27499e1a,7665907d-0fa3-4f09-b46c-70932ceba535
edf4f179-4286-4409-9266-10ad27499e1a,560d9715-eeaf-4ec9-b665-53fb6d175214
edf4f179-4286-4409-9266-10ad27499e1a,3783806e-f314-4138-8841-fb8e56e559cf
edf4f179-4286-4409-9266-10ad27499e1a,96784a6f-f75a-4923-9c19-b0016165b554
e4fe8c97-5a42-46b4-ad89-a8bf8f719fe8,bcc4bf5b-334b-4373-bde1-559ff1093133
e4fe8c97-5a42-46b4-ad89-a8bf8f719fe8,b5f3170c-42cc-404c-8421-b4a55b480ef5
e4fe8c97-5a42-46b4-ad89-a8bf8f719fe8,ffcf74ce-aa64-405d-8beb-a4b24554980c
e4fe8c97-5a42-46b4-ad89-a8bf8f719fe8,d9596ec4-0f8b-4f7b-84b5-3c9b29db8f28
c803e51b-5f57-45f6-8616-3ebe7a4748b0,5db500d1-bbe6-4928-b336-374bcde7a406
c803e51b-5f57-45f6-8616-3ebe7a4748b0,c030dcb8-de51-41fb-965c-b920ae1a979b
c803e51b-5f57-45f6-8616-3ebe7a4748b0,b9b713e9-ff94-404c-9d7b-4aec20ac0ae0
c803e51b-5f57-45f6-8616-3ebe7a4748b0,c67fd197-87f9-440e-be65-18333a68b975
c803e51b-5f57-45f6-8616-3ebe7a4748b0,4ce49db1-be21-4b6c-a3e5-d8269040ace8
5c1e699d-5f22-4607-a964-6779ad802ae1,df2d5f8d-cf84-493f-b805-dc921523b2d3
5c1e699d-5f22-4607-a964-6779ad802ae1,353c204c-a9da-42bb-a7be-0513ccf9531d
5c1e699d-5f22-4607-a964-6779ad802ae1,775acaac-4a18-42f4-9606-dd45bae1f6e4
5c1e699d-5f22-4607-a964-6779ad802ae1,d6bf8387-7545-4e2f-8203-46bb9aa1f371
5c1e699d-5f22-4607-a964-6779ad802ae1,58b3233b-78bf-4f5a-a396-3fe872a2b23e
5c1e699d-5f22-4607-a964-6779ad802ae1,df4cec6b-9661-4675-a22a-0f2efab701bd
6b650099-3fd8-447d-b94e-875616fba724,775acaac-4a18-42f4-9606-dd45bae1f6e4
6b650099-3fd8-447d-b94e-875616fba724,26baa375-73e9-471f-9e7d-118d5d30b603
6b650099-3fd8-447d-b94e-875616fba724,3dc40462-a7b1-47f9-9ed2-699318dff677
6b650099-3fd8-447d-b94e-875616fba724,bd0cae99-5ecd-4079-8ff9-14b5aea0187e
cb92b740-583c-44c7-9646-8913d4646dcf,d695e686-ab1e-48db-8a94-dec7b1439001
cb92b740-583c-44c7-9646-8913d4646dcf,af27bec7-8321-4446-b9a6-d4653724b493
cb92b740-583c-44c7-9646-8913d4646dcf,a3e60c28-6f81-4d34-b569-82dc6087b1fd
cb92b740-583c-44c7-9646-8913d4646dcf,941ff514-d1b1-4d88-a2c9-a6edbc8e630b
cb92b740-583c-44c7-9646-8913d4646dcf,8ff09a90-4632-4190-ad57-b2d0c0802b66
cb92b740-583c-44c7-9646-8913d4646dcf,80156453-bdca-4f35-b017-1151ea7fb279
e97b181d-4a96-47c3-bde2-f44db8e68b52,8b7cd39e-0243-4232-8c84-2c5c474c09c0
e97b181d-4a96-47c3-bde2-f44db8e68b52,ba9b936e-4809-4b9c-b991-261dc1360991
e97b181d-4a96-47c3-bde2-f44db8e68b52,e8b59533-ac62-4895-a77d-55eff7890842
e97b181d-4a96-47c3-bde2-f44db8e68b52,b62619a9-dc83-4ff0-8bd6-002c21080e20
2e39e66c-1844-4631-ba0c-5fcf7aae4710,e63879bf-6010-42bd-beda-ff2c5416412a
2e39e66c-1844-4631-ba0c-5fcf7aae4710,78a17e4c-0404-4d84-b2fc-e86dd877f221
2e39e66c-1844-4631-ba0c-5fcf7aae4710,2410c808-64bc-4794-9994-01b89bbe29bc
2e39e66c-1844-4631-ba0c-5fcf7aae4710,ed0ceda7-40e8-42c4-b244-009f8ea9df43
2e39e66c-1844-4631-ba0c-5fcf7aae4710,33d66590-7755-4f51-9387-2bb6129bbfd4
2e39e66c-1844-4631-ba0c-5fcf7aae4710,5fbca32f-8d65-4252-a7c3-7dc59590d81a
8edea242-5b9d-4c44-bf87-5bf8937ee73a,7508de66-671e-44b5-8e9b-e24d69258d93
8edea242-5b9d-4c44-bf87-5bf8937ee73a,d5e260cd-8306-469c-ab1e-5c2111ef81fe
8edea242-5b9d-4c44-bf87-5bf8937ee73a,0d0e938c-8eb5-42d6-abc1-49eb77bcf6ed
8eafcd94-283e-4c2d-abf0-c08ff9e247dd,93b82090-f9e8-4a5e-829f-d10a9963cd1a
8eafcd94-283e-4c2d-abf0-c08ff9e247dd,8457f1a8-2313-494e-8017-74f32c45d3ec
8eafcd94-283e-4c2d-abf0-c08ff9e247dd,ce645ae5-3909-49dd-808f-a8cfb91dbd70
a7af25f8-69d6-4883-9e0a-ea059224c520,c67fd197-87f9-440e-be65-18333a68b975
a7af25f8-69d6-4883-9e0a-ea059224c520,e8a51ddd-ca03-45d9-abc9-a5d8d52979e7
a7af25f8-69d6-4883-9e0a-ea059224c520,6c080bbe-6366-475b-b6f1-efb3faae7e97
a7af25f8-69d6-4883-9e0a-ea059224c520,da8f93f3-b2aa-4b61-9e64-dbefc5d710b4
2121f7e3-e77e-44ed-bb2d-c91c09fb6f47,4d0b5428-456c-4d60-b9f2-cf50268fc85e
2121f7e3-e77e-44ed-bb2d-c91c09fb6f47,ba9b936e-4809-4b9c-b991-261dc1360991
2121f7e3-e77e-44ed-bb2d-c91c09fb6f47,f4dd1d23-e5d4-4627-89a3-05c923ada719
2121f7e3-e77e-44ed-bb2d-c91c09fb6f47,ee51bfd7-4afb-4548-9501-ae39cca1ea7f
2121f7e3-e77e-44ed-bb2d-c91c09fb6f47,2626ded0-bcef-4584-a44a-5f5f0a6d2c31
07122703-b857-43c7-9970-25a3fc295a26,75652410-b388-4599-ab6d-4ac1e047bf96
07122703-b857-43c7-9970-25a3fc295a26,7c62b8b9-7225-4965-80f9-5b0aaa3e5fc6
07122703-b857-43c7-9970-25a3fc295a26,e2cb0bb3-63ac-48a4-b984-0d761dab34d7
07122703-b857-43c7-9970-25a3fc295a26,8d5d1cc8-f3f4-4313-ae28-f6bf939dcaeb
48f62ccd-8626-40d5-8ecc-42a08b64716a,1fc302db-1ddd-4d70-b812-29e9e689e871
48f62ccd-8626-40d5-8ecc-42a08b64716a,b5e23ac2-f95a-4a1b-be6a-6a2913a431ca
48f62ccd-8626-40d5-8ecc-42a08b64716a,d3b963ba-ae4e-4287-a45c-7cb39dc29e49
48f62ccd-8626-40d5-8ecc-42a08b64716a,174fe226-87fa-4d75-aee6-664063211cab
48f62ccd-8626-40d5-8ecc-42a08b64716a,8457f1a8-2313-494e-8017-74f32c45d3ec
24800e5b-1f0d-4db0-b004-d016f0470502,732aa37c-0b06-41c7-a0e2-69845407a066
24800e5b-1f0d-4db0-b004-d016f0470502,9843e136-2aab-4468-ae9b-89245b509696
24800e5b-1f0d-4db0-b004-d016f0470502,a78c2aeb-3efb-4265-a860-ffb101f6a92c
24800e5b-1f0d-4db0-b004-d016f0470502,5563de5a-6cca-4d40-a5bc-b8deaac030c1
670b474f-ff46-498a-9f4b-9b993974d6df,8b7cd39e-0243-4232-8c84-2c5c474c09c0
670b474f-ff46-498a-9f4b-9b993974d6df,b22581d3-375e-4969-8480-144b29b03e20
670b474f-ff46-498a-9f4b-9b993974d6df,8a669eef-f00b-4879-a134-bf5fe756c817
771a5836-82b3-4675-bcf5-c3533f4894f6,84749596-1b70-4f32-aad0-ae76f88e7cb7
771a5836-82b3-4675-bcf5-c3533f4894f6,d35610ac-29dd-40d8-82e9-3952178720d7
771a5836-82b3-4675-bcf5-c3533f4894f6,b54d4c5a-e42b-42d2-b80e-355635dfed8b
771a5836-82b3-4675-bcf5-c3533f4894f6,9c9d690d-78ce-4cc4-8844-e8833ac63dca
9ec49894-c2b0-4924-aff0-322a749a2138,ccc7e881-a546-4011-b41d-9af3613b0395
9ec49894-c2b0-4924-aff0-322a749a2138,84749596-1b70-4f32-aad0-ae76f88e7cb7
9ec49894-c2b0-4924-aff0-322a749a2138,8aa0b378-fbc1-4806-a17c-843232667204
9ec49894-c2b0-4924-aff0-322a749a2138,0d0e938c-8eb5-42d6-abc1-49eb77bcf6ed
b3a55b4b-eb1d-48a6-b40a-6161809284a4,d6bf8387-7545-4e2f-8203-46bb9aa1f371
b3a55b4b-eb1d-48a6-b40a-6161809284a4,4cde51cd-4dc8-4e25-aa38-fb2f4a98d8af
b3a55b4b-eb1d-48a6-b40a-6161809284a4,bbe03ea3-8a8e-4761-89ac-50b64f4e6a66
b3a55b4b-eb1d-48a6-b40a-6161809284a4,c9dae9fc-231c-4456-beec-0112a939713a
017b0662-492d-4000-86ea-d8b023960e6a,42fcdcbe-ae10-4aec-afa0-e88fae44cab5
017b0662-492d-4000-86ea-d8b023960e6a,20436a5d-0f48-41ae-bc9e-5127b691a39f
017b0662-492d-4000-86ea-d8b023960e6a,67bfb24c-7c38-45bf-b53c-aefdc4905e52
017b0662-492d-4000-86ea-d8b023960e6a,d1bac25c-81d6-4e15-8f24-0f34ff553bd6
3feb39d5-d9d5-461f-a7c0-c2ec501cd53a,6c080bbe-6366-475b-b6f1-efb3faae7e97
3feb39d5-d9d5-461f-a7c0-c2ec501cd53a,4fe012f1-1e7d-4602-8199-bec8467a59d2
3feb39d5-d9d5-461f-a7c0-c2ec501cd53a,b5e23ac2-f95a-4a1b-be6a-6a2913a431ca
3feb39d5-d9d5-461f-a7c0-c2ec501cd53a,3aa7d5f3-e9dd-4fcd-bbe6-541c4d4814d4
0c053149-9545-49ed-a25d-ba3a332a5673,7508de66-671e-44b5-8e9b-e24d69258d93
0c053149-9545-49ed-a25d-ba3a332a5673,a89bcbbf-3d58-4eab-ab25-4d2f4ffd8e83
0c053149-9545-49ed-a25d-ba3a332a5673,11a5bdad-34c4-43f3-b51d-a2a0ac062775
0c053149-9545-49ed-a25d-ba3a332a5673,5db500d1-bbe6-4928-b336-374bcde7a406
0c053149-9545-49ed-a25d-ba3a332a5673,c67fd197-87f9-440e-be65-18333a68b975
f2bb9269-4180-4788-813c-26a380359c3c,22ae2388-6b70-4426-b105-b1b5fae5a910
f2bb9269-4180-4788-813c-26a380359c3c,b7965c4a-c9e1-4cb5-8046-588fa9dee9a4
f2bb9269-4180-4788-813c-26a380359c3c,b2e3f78f-9b53-4079-a223-1350bd0270ef
41c92cff-ea39-42bb-a091-ed013fb4469a,7f5abeef-eeb8-4e8b-b501-45350f8cef29
41c92cff-ea39-42bb-a091-ed013fb4469a,9076cc70-b292-42cf-bb3f-7e4b3f36d1b9
41c92cff-ea39-42bb-a091-ed013fb4469a,e3b03ee8-e170-4a8b-b81f-58dfd268e8af
6a5290fc-e925-4fad-8b20-fe337ecce8c8,df2d5f8d-cf84-493f-b805-dc921523b2d3
6a5290fc-e925-4fad-8b20-fe337ecce8c8,a3e60c28-6f81-4d34-b569-82dc6087b1fd
6a5290fc-e925-4fad-8b20-fe337ecce8c8,469da8cf-7bc1-41fa-824d-1dada092bd03
6a5290fc-e925-4fad-8b20-fe337ecce8c8,c81f2ee6-4678-4a35-9d61-a62fdde17849
6a5290fc-e925-4fad-8b20-fe337ecce8c8,6a1f8295-8c23-4860-a1ae-da96a0a275cb
6a5290fc-e925-4fad-8b20-fe337ecce8c8,a78c2aeb-3efb-4265-a860-ffb101f6a92c
37e1380a-939c-4489-8804-988def99c158,295da676-ee2f-461b-a7d9-c2fd239b6e72
37e1380a-939c-4489-8804-988def99c158,7c62b8b9-7225-4965-80f9-5b0aaa3e5fc6
37e1380a-939c-4489-8804-988def99c158,469da8cf-7bc1-41fa-824d-1dada092bd03
20320fc0-aaf2-4047-8d15-baf5b007cdc3,b02898b0-9d59-41bc-a1b3-0df484e1a434
20320fc0-aaf2-4047-8d15-baf5b007cdc3,8ca10314-2367-4396-81f5-97fc65964430
20320fc0-aaf2-4047-8d15-baf5b007cdc3,d9596ec4-0f8b-4f7b-84b5-3c9b29db8f28
20320fc0-aaf2-4047-8d15-baf5b007cdc3,eb48a5cd-a881-4cd5-aa2f-42d8bfa33672
4b5ddf36-9a29-40cf-9908-50045d3994ed,839f3754-fce6-4467-99ec-10ecaaaa9e45
4b5ddf36-9a29-40cf-9908-50045d3994ed,07ad2f8a-2bdf-410b-892c-5b885cbf747b
4b5ddf36-9a29-40cf-9908-50045d3994ed,5f86659e-2037-4aca-a7cb-9516005d756a
4b5ddf36-9a29-40cf-9908-50045d3994ed,8d5d1cc8-f3f4-4313-ae28-f6bf939dcaeb
5eb06b42-1d2c-4074-8cbc-22789c86676a,2f1eceec-96d5-475a-9db3-1371454f5927
5eb06b42-1d2c-4074-8cbc-22789c86676a,2626ded0-bcef-4584-a44a-5f5f0a6d2c31
5eb06b42-1d2c-4074-8cbc-22789c86676a,8f84c445-0a6c-4e67-8f57-9410dcc3aeaf
e5b82efc-b212-4f45-b97a-6e37b9694670,c6a0973b-61c5-4497-adcf-ab8f24585ef7
e5b82efc-b212-4f45-b97a-6e37b9694670,8457f1a8-2313-494e-8017-74f32c45d3ec
e5b82efc-b212-4f45-b97a-6e37b9694670,6588990c-865f-4846-9f6a-5fd754fb4521
e5b82efc-b212-4f45-b97a-6e37b9694670,835e19c0-7f49-4d19-b004-fd7a231a0e43
e5b82efc-b212-4f45-b97a-6e37b9694670,bd01479f-5074-40a5-9f90-0b339273c353
e5b82efc-b212-4f45-b97a-6e37b9694670,72d8d346-2b9a-4a39-a5bb-af99e5075a0a
c6186541-b9b1-496d-9b7e-57e7191cfaeb,78b2eccb-d2d5-4a32-8f64-5284ff0c7486
c6186541-b9b1-496d-9b7e-57e7191cfaeb,4cde51cd-4dc8-4e25-aa38-fb2f4a98d8af
c6186541-b9b1-496d-9b7e-57e7191cfaeb,c660eb4d-cf03-4c12-917e-35d003571ded
f833c943-d52c-4404-817c-55ed79689ad3,f1db2b67-bb62-48c9-bf1f-ad4da2cbd9de
f833c943-d52c-4404-817c-55ed79689ad3,44f7367b-8a8f-42c8-b65f-02d8c9938279
f833c943-d52c-4404-817c-55ed79689ad3,839f3754-fce6-4467-99ec-10ecaaaa9e45
f833c943-d52c-4404-817c-55ed79689ad3,35df594e-d866-400b-8389-c51939fb66ce
f833c943-d52c-4404-817c-55ed79689ad3,295da676-ee2f-461b-a7d9-c2fd239b6e72
c2b17833-b97e-4f2c-8b73-72a0b26bfcd4,f4dd1d23-e5d4-4627-89a3-05c923ada719
c2b17833-b97e-4f2c-8b73-72a0b26bfcd4,bbb340ea-33d1-45b2-8673-083f6e5114e9
c2b17833-b97e-4f2c-8b73-72a0b26bfcd4,0894b7fb-ff75-4912-a256-535fc52512ef
c2b17833-b97e-4f2c-8b73-72a0b26bfcd4,7fec3a15-6aa5-4f7b-922a-d22fd62f566f
767fb202-9995-4718-9533-5ae9be3585a6,b4a20c1f-7645-4d0e-90b6-8f76616aa345
767fb202-9995-4718-9533-5ae9be3585a6,ce645ae5-3909-49dd-808f-a8cfb91dbd70
767fb202-9995-4718-9533-5ae9be3585a6,d696251a-4114-4574-9ef3-5bdf2f55f843
767fb202-9995-4718-9533-5ae9be3585a6,84749596-1b70-4f32-aad0-ae76f88e7cb7
a094e126-cb48-4e4f-8018-2893f4e279aa,ba9829e4-d81a-4f2a-a2f4-14a399e9f494
a094e126-cb48-4e4f-8018-2893f4e279aa,f134534b-4945-459d-9325-0e7ad9e1b266
a094e126-cb48-4e4f-8018-2893f4e279aa,7cfff9c3-f95b-4c70-92a6-fab47ee82fb7
a094e126-cb48-4e4f-8018-2893f4e279aa,bad999df-d399-424e-97dd-5342629a781d
a094e126-cb48-4e4f-8018-2893f4e279aa,ad955955-d618-407b-a9c7-5f406f62af7a
fb9a9ac8-a3a7-4ca6-ae89-84c7e9160720,ec7f2626-fa9f-4685-b676-c29303f031be
fb9a9ac8-a3a7-4ca6-ae89-84c7e9160720,839f3754-fce6-4467-99ec-10ecaaaa9e45
fb9a9ac8-a3a7-4ca6-ae89-84c7e9160720,1dd545c4-5369-4cb8-ac55-c92e7c0586a7
ba6e491b-fa7b-4acb-b956-e114c46da835,469da8cf-7bc1-41fa-824d-1dada092bd03
ba6e491b-fa7b-4acb-b956-e114c46da835,eeb7a00d-d4f8-4d72-a0c8-36e31699bdd2
ba6e491b-fa7b-4acb-b956-e114c46da835,775acaac-4a18-42f4-9606-dd45bae1f6e4
ba6e491b-fa7b-4acb-b956-e114c46da835,5d151d8c-4201-4960-a5ab-70e9e8d66c4b
856f268c-2d3c-4e66-9ed8-4cdbe5132b1b,c6001088-bd37-4b47-8754-dc2188d53969
856f268c-2d3c-4e66-9ed8-4cdbe5132b1b,213f9c00-e012-460e-8b5f-9fecda7e6cc9
856f268c-2d3c-4e66-9ed8-4cdbe5132b1b,4e92bf4e-4589-430b-bd7a-17a940bd435e
856f268c-2d3c-4e66-9ed8-4cdbe5132b1b,fc4c1916-ad6e-469e-8f15-1e2a98170a3f
856f268c-2d3c-4e66-9ed8-4cdbe5132b1b,9264ccce-70fa-431a-8b2d-32d7c69d400b
856f268c-2d3c-4e66-9ed8-4cdbe5132b1b,7fec3a15-6aa5-4f7b-922a-d22fd62f566f
6f1f81d8-98fe-4589-8c43-3e7480432614,f5b347ed-5618-4524-a6c0-15915b68e09e
6f1f81d8-98fe-4589-8c43-3e7480432614,8051bd8c-9bd0-4665-b3b7-df5fecf2dd01
6f1f81d8-98fe-4589-8c43-3e7480432614,883faa41-bcd7-487d-a1f3-200a3753d7ba
6f1f81d8-98fe-4589-8c43-3e7480432614,87fbf45b-cc3d-4c0b-ab39-a14abcf4f5a2
fb554f66-c494-412b-8b82-954bb72d6cab,1e12e895-a747-4e89-9058-c73d8afe0ed9
fb554f66-c494-412b-8b82-954bb72d6cab,0ee40c2f-8855-4b68-a337-f20f366235c2
fb554f66-c494-412b-8b82-954bb72d6cab,e8b59533-ac62-4895-a77d-55eff7890842
fb554f66-c494-412b-8b82-954bb72d6cab,61ab0ac2-de77-4f95-90fc-5a64dc2a4776
fb554f66-c494-412b-8b82-954bb72d6cab,d9596ec4-0f8b-4f7b-84b5-3c9b29db8f28
fb554f66-c494-412b-8b82-954bb72d6cab,d5224a88-0a4e-4e36-8003-20163d22c017
356a8f64-4dd2-4f9f-a9a1-99d470767614,72d16176-15be-47ae-8bff-2aa19d09c76f
356a8f64-4dd2-4f9f-a9a1-99d470767614,dbf3cf70-78c7-4c0b-9ee4-96078d547c46
356a8f64-4dd2-4f9f-a9a1-99d470767614,d6bf8387-7545-4e2f-8203-46bb9aa1f371
356a8f64-4dd2-4f9f-a9a1-99d470767614,ffbe657d-3977-43a2-bca6-c165d7fea5de
356a8f64-4dd2-4f9f-a9a1-99d470767614,0ee40c2f-8855-4b68-a337-f20f366235c2
356a8f64-4dd2-4f9f-a9a1-99d470767614,f5e03db0-8c39-4809-bec9-26ab3dc7df92
94e7c812-9a49-447e-ae17-660efe7e9cc0,05ff4250-8763-4c20-aff0-007fa63194c7
94e7c812-9a49-447e-ae17-660efe7e9cc0,2a52781b-6490-4121-9614-60fb8c853897
94e7c812-9a49-447e-ae17-660efe7e9cc0,7c62b8b9-7225-4965-80f9-5b0aaa3e5fc6
64f72790-76fd-4ac6-8134-4714cd274814,dbf3cf70-78c7-4c0b-9ee4-96078d547c46
64f72790-76fd-4ac6-8134-4714cd274814,250cc56d-9891-479e-931f-1bc383cb229c
64f72790-76fd-4ac6-8134-4714cd274814,93b82090-f9e8-4a5e-829f-d10a9963cd1a
64f72790-76fd-4ac6-8134-4714cd274814,52cf9956-4f74-4381-a4e9-4b7c0b8c7833
64f72790-76fd-4ac6-8134-4714cd274814,d6bf8387-7545-4e2f-8203-46bb9aa1f371
bdfc52c1-3530-4ab7-a372-275a520dae33,84749596-1b70-4f32-aad0-ae76f88e7cb7
bdfc52c1-3530-4ab7-a372-275a520dae33,93b82090-f9e8-4a5e-829f-d10a9963cd1a
bdfc52c1-3530-4ab7-a372-275a520dae33,5f15392d-ef0b-4796-b4ad-072f80073799
bdfc52c1-3530-4ab7-a372-275a520dae33,35df594e-d866-400b-8389-c51939fb66ce
d961dbec-7add-4a70-8563-15c7d3b3e80d,73099301-fb41-4dec-92c3-8d884b063a16
d961dbec-7add-4a70-8563-15c7d3b3e80d,f134534b-4945-459d-9325-0e7ad9e1b266
d961dbec-7add-4a70-8563-15c7d3b3e80d,d35610ac-29dd-40d8-82e9-3952178720d7
812d1944-ccd5-433c-9084-8ec326cc1167,3dc40462-a7b1-47f9-9ed2-699318dff677
812d1944-ccd5-433c-9084-8ec326cc1167,bbffed1b-af70-43c1-9494-8ac8635d98cf
812d1944-ccd5-433c-9084-8ec326cc1167,3591abe5-6b1f-40d2-b827-00bb6fea88cd
812d1944-ccd5-433c-9084-8ec326cc1167,94f21f60-c3ea-4ff4-a571-c28721902c9e
c880b3e7-c360-4c02-9823-597e43d5d71e,dd9f46bd-74dd-472c-8fd0-a91eed3637e0
c880b3e7-c360-4c02-9823-597e43d5d71e,9a41f643-bd8a-4459-ba87-fa55460ff0e8
c880b3e7-c360-4c02-9823-597e43d5d71e,d5e260cd-8306-469c-ab1e-5c2111ef81fe
c880b3e7-c360-4c02-9823-597e43d5d71e,bab272f5-f93c-4a6f-8da8-e1f2cd3ab3c3
c880b3e7-c360-4c02-9823-597e43d5d71e,d695e686-ab1e-48db-8a94-dec7b1439001
df14af51-7d69-4418-a7b7-582c5b236085,98717c06-7c80-490e-adea-46cc553746f2
df14af51-7d69-4418-a7b7-582c5b236085,78b2eccb-d2d5-4a32-8f64-5284ff0c7486
df14af51-7d69-4418-a7b7-582c5b236085,0329a562-2a4e-4ac2-8941-e9e976ae90e9
df14af51-7d69-4418-a7b7-582c5b236085,d35610ac-29dd-40d8-82e9-3952178720d7
df14af51-7d69-4418-a7b7-582c5b236085,83f4abdd-b510-4ae2-8398-d77b22167020
df14af51-7d69-4418-a7b7-582c5b236085,d9596ec4-0f8b-4f7b-84b5-3c9b29db8f28
1c0f152e-c345-4ecd-b7b1-8997f8541ccb,e63879bf-6010-42bd-beda-ff2c5416412a
1c0f152e-c345-4ecd-b7b1-8997f8541ccb,ec7f2626-fa9f-4685-b676-c29303f031be
1c0f152e-c345-4ecd-b7b1-8997f8541ccb,eb48a5cd-a881-4cd5-aa2f-42d8bfa33672
1c0f152e-c345-4ecd-b7b1-8997f8541ccb,7508de66-671e-44b5-8e9b-e24d69258d93
1c0f152e-c345-4ecd-b7b1-8997f8541ccb,a0adf04b-145f-444f-92ac-8d6d589f6daf
712a7d47-ba0e-4b38-8b56-86792468aaca,d1bac25c-81d6-4e15-8f24-0f34ff553bd6
712a7d47-ba0e-4b38-8b56-86792468aaca,a50cbd72-a13e-4d27-8b4e-2bfd65a453d4
712a7d47-ba0e-4b38-8b56-86792468aaca,368599ff-17b5-40e1-9521-123cb8bdb610
712a7d47-ba0e-4b38-8b56-86792468aaca,2626ded0-bcef-4584-a44a-5f5f0a6d2c31
712a7d47-ba0e-4b38-8b56-86792468aaca,1f7008d7-334f-45ec-9b9b-12fbf59d691d
712a7d47-ba0e-4b38-8b56-86792468aaca,423235f5-56ea-422c-bdd9-c14545316ccb
b5e049cc-5d21-4609-8c69-e7b91cb0ea82,a50cbd72-a13e-4d27-8b4e-2bfd65a453d4
b5e049cc-5d21-4609-8c69-e7b91cb0ea82,eb48a5cd-a881-4cd5-aa2f-42d8bfa33672
b5e049cc-5d21-4609-8c69-e7b91cb0ea82,c2ded2b5-d0a0-4ded-8cfe-2400ea37499f
36965e38-2946-4d7c-8bfd-2169e6ba388e,94e3ff8e-2bf9-4364-964c-b09154a10252
36965e38-2946-4d7c-8bfd-2169e6ba388e,f826af90-f8b0-4718-88ce-527e0dd3b4b7
36965e38-2946-4d7c-8bfd-2169e6ba388e,f5d2e868-18f4-46d0-a0aa-180614ddd840
36965e38-2946-4d7c-8bfd-2169e6ba388e,839f3754-fce6-4467-99ec-10ecaaaa9e45
36965e38-2946-4d7c-8bfd-2169e6ba388e,4a60fb1d-356e-4d91-9093-133af393cce4
5d1af320-61dd-471e-b9f8-cd20070207dd,f134534b-4945-459d-9325-0e7ad9e1b266
5d1af320-61dd-471e-b9f8-cd20070207dd,2626ded0-bcef-4584-a44a-5f5f0a6d2c31
5d1af320-61dd-471e-b9f8-cd20070207dd,bb5ea502-8d19-4c61-85fc-75939382ea6f
5d1af320-61dd-471e-b9f8-cd20070207dd,948662ce-1854-4f21-9d57-289e292071e6
7207c0da-9dfd-403a-ad79-d7bc25164bc9,644b5ae7-bb99-4ec2-b530-65e032829eaf
7207c0da-9dfd-403a-ad79-d7bc25164bc9,e2c43b15-abc1-4f72-b83c-0b364dac12a2
7207c0da-9dfd-403a-ad79-d7bc25164bc9,206d7cc5-f4dc-451c-a732-9b7693671f83
7207c0da-9dfd-403a-ad79-d7bc25164bc9,3591abe5-6b1f-40d2-b827-00bb6fea88cd
7207c0da-9dfd-403a-ad79-d7bc25164bc9,d1bac25c-81d6-4e15-8f24-0f34ff553bd6
7207c0da-9dfd-403a-ad79-d7bc25164bc9,2eeafc3c-86fb-4d0d-817d-6d8c590f04c6
c28e460a-2e49-4480-bb82-91f069b13a1b,5563de5a-6cca-4d40-a5bc-b8deaac030c1
c28e460a-2e49-4480-bb82-91f069b13a1b,82806955-136c-4d66-ab37-5ff7cc8c5f91
c28e460a-2e49-4480-bb82-91f069b13a1b,40730896-075a-425a-92a8-c420321c2060
c28e460a-2e49-4480-bb82-91f069b13a1b,d853cc0e-ffb6-41fa-a794-21450ef1c936
c28e460a-2e49-4480-bb82-91f069b13a1b,82806955-136c-4d66-ab37-5ff7cc8c5f91
7b21d8a9-2c45-4d89-8ae6-deb8ab14a71d,d514b9d1-ea1f-442d-a0ae-35d50a84c66a
7b21d8a9-2c45-4d89-8ae6-deb8ab14a71d,c6a0973b-61c5-4497-adcf-ab8f24585ef7
7b21d8a9-2c45-4d89-8ae6-deb8ab14a71d,e89bb491-a7d9-4b98-8a3b-04227ad8c4fa
7b21d8a9-2c45-4d89-8ae6-deb8ab14a71d,b2342b43-b67e-456e-b1a4-f5272d4d7f01
7b21d8a9-2c45-4d89-8ae6-deb8ab14a71d,d5e260cd-8306-469c-ab1e-5c2111ef81fe
c1893beb-9709-4e6e-bcec-53d440a622d6,522e5586-a8b3-4453-9df6-2699ef147cf0
c1893beb-9709-4e6e-bcec-53d440a622d6,646d1d6a-253e-41c0-8668-15830e2c46d7
c1893beb-9709-4e6e-bcec-53d440a622d6,a0adf04b-145f-444f-92ac-8d6d589f6daf
c1893beb-9709-4e6e-bcec-53d440a622d6,b5e23ac2-f95a-4a1b-be6a-6a2913a431ca
d3b05179-e521-4b22-89ad-6de734203ba3,089a6954-ef3e-46cb-81c2-643c521f2d4b
d3b05179-e521-4b22-89ad-6de734203ba3,a2ccc039-9c1b-4f3d-bc9e-b1ebfee27545
d3b05179-e521-4b22-89ad-6de734203ba3,d3b963ba-ae4e-4287-a45c-7cb39dc29e49
b039f0dc-0fd5-4c15-9540-fd7b87cf21c3,732aa37c-0b06-41c7-a0e2-69845407a066
b039f0dc-0fd5-4c15-9540-fd7b87cf21c3,1e12e895-a747-4e89-9058-c73d8afe0ed9
b039f0dc-0fd5-4c15-9540-fd7b87cf21c3,839f3754-fce6-4467-99ec-10ecaaaa9e45
28a743c2-0ecb-4a23-8609-df32d39c8b2c,f5e03db0-8c39-4809-bec9-26ab3dc7df92
28a743c2-0ecb-4a23-8609-df32d39c8b2c,b5f3170c-42cc-404c-8421-b4a55b480ef5
28a743c2-0ecb-4a23-8609-df32d39c8b2c,049b508c-addb-4613-8c9a-c5b0a319969b
28a743c2-0ecb-4a23-8609-df32d39c8b2c,0670204c-89ad-46c6-9dfc-6470333c9ba0
69f102d8-fe81-44c2-93e7-51e7bd15e770,07ad2f8a-2bdf-410b-892c-5b885cbf747b
69f102d8-fe81-44c2-93e7-51e7bd15e770,bbffed1b-af70-43c1-9494-8ac8635d98cf
69f102d8-fe81-44c2-93e7-51e7bd15e770,8457f1a8-2313-494e-8017-74f32c45d3ec
69f102d8-fe81-44c2-93e7-51e7bd15e770,80156453-bdca-4f35-b017-1151ea7fb279
2e44a76f-a8d3-45be-a05a-7d3aef7a9c8d,06eea30f-b0e9-43ae-a545-29406da0106a
2e44a76f-a8d3-45be-a05a-7d3aef7a9c8d,4fe012f1-1e7d-4602-8199-bec8467a59d2
2e44a76f-a8d3-45be-a05a-7d3aef7a9c8d,f5b347ed-5618-4524-a6c0-15915b68e09e
2e44a76f-a8d3-45be-a05a-7d3aef7a9c8d,bb599fd6-f406-4fa5-939a-99c1da41d59b
2e44a76f-a8d3-45be-a05a-7d3aef7a9c8d,94ae6e70-f68f-45ba-a5b4-6c43ae088080
ae37a44c-d02c-4b7d-b99b-a21cc392e0c0,8ff09a90-4632-4190-ad57-b2d0c0802b66
ae37a44c-d02c-4b7d-b99b-a21cc392e0c0,fb1bf6ce-d824-4778-8094-2856b4efe6f3
ae37a44c-d02c-4b7d-b99b-a21cc392e0c0,d911f1e7-8ea9-441c-96a3-4f0346aece49
ae37a44c-d02c-4b7d-b99b-a21cc392e0c0,9843e136-2aab-4468-ae9b-89245b509696
ae37a44c-d02c-4b7d-b99b-a21cc392e0c0,fea2dfd1-0724-4cd0-b480-710d98646c0c
07c8bd4a-2e66-4160-870d-4f133c80f693,a50cbd72-a13e-4d27-8b4e-2bfd65a453d4
07c8bd4a-2e66-4160-870d-4f133c80f693,1dd545c4-5369-4cb8-ac55-c92e7c0586a7
07c8bd4a-2e66-4160-870d-4f133c80f693,198c01ea-8891-4720-bd07-263217c53f56
07c8bd4a-2e66-4160-870d-4f133c80f693,089a6954-ef3e-46cb-81c2-643c521f2d4b
07c8bd4a-2e66-4160-870d-4f133c80f693,f1db2b67-bb62-48c9-bf1f-ad4da2cbd9de
f1a9aa06-a6d3-4f66-9098-122cbee6c005,d1bac25c-81d6-4e15-8f24-0f34ff553bd6
f1a9aa06-a6d3-4f66-9098-122cbee6c005,00ffdf83-7aa8-4100-b69f-6e300b5f1c54
f1a9aa06-a6d3-4f66-9098-122cbee6c005,bd0cae99-5ecd-4079-8ff9-14b5aea0187e
9f310387-0728-4360-95f6-00d10da25c84,8ff09a90-4632-4190-ad57-b2d0c0802b66
9f310387-0728-4360-95f6-00d10da25c84,4e92bf4e-4589-430b-bd7a-17a940bd435e
9f310387-0728-4360-95f6-00d10da25c84,39f4849b-6eff-4672-ab6c-ea84a8c779d5
8bb3067e-1d09-493e-b3e8-c6af242a4123,0329a562-2a4e-4ac2-8941-e9e976ae90e9
8bb3067e-1d09-493e-b3e8-c6af242a4123,acb474c9-8727-4805-bfcb-61749a956687
8bb3067e-1d09-493e-b3e8-c6af242a4123,294e54fe-1698-4eb2-814b-acc5d7286f9c
52b2fe59-08f3-45c4-af1c-81c7aafc94f6,5fbca32f-8d65-4252-a7c3-7dc59590d81a
52b2fe59-08f3-45c4-af1c-81c7aafc94f6,3591abe5-6b1f-40d2-b827-00bb6fea88cd
52b2fe59-08f3-45c4-af1c-81c7aafc94f6,4fa3c92b-5f2d-421b-b827-c4a866a5ebe0
52b2fe59-08f3-45c4-af1c-81c7aafc94f6,b5e23ac2-f95a-4a1b-be6a-6a2913a431ca
52b2fe59-08f3-45c4-af1c-81c7aafc94f6,ce645ae5-3909-49dd-808f-a8cfb91dbd70
52b2fe59-08f3-45c4-af1c-81c7aafc94f6,294e54fe-1698-4eb2-814b-acc5d7286f9c
8469af62-afa1-4ed3-a65c-14ca036ac2fa,d853cc0e-ffb6-41fa-a794-21450ef1c936
8469af62-afa1-4ed3-a65c-14ca036ac2fa,dcf8b2cc-ee46-4e18-a0db-cb2c971082a7
8469af62-afa1-4ed3-a65c-14ca036ac2fa,db6ced48-35a8-47f4-a4d4-d089acc05a18
223437fe-b1c0-4214-882a-ece992dd4916,624e97c8-91d0-48b7-ba9b-c2af5abfb17d
223437fe-b1c0-4214-882a-ece992dd4916,9843e136-2aab-4468-ae9b-89245b509696
223437fe-b1c0-4214-882a-ece992dd4916,8051bd8c-9bd0-4665-b3b7-df5fecf2dd01
ec13a548-5870-40b3-b67c-bdd66bdeee1e,2410c808-64bc-4794-9994-01b89bbe29bc
ec13a548-5870-40b3-b67c-bdd66bdeee1e,72d16176-15be-47ae-8bff-2aa19d09c76f
ec13a548-5870-40b3-b67c-bdd66bdeee1e,2626ded0-bcef-4584-a44a-5f5f0a6d2c31
ec13a548-5870-40b3-b67c-bdd66bdeee1e,839f3754-fce6-4467-99ec-10ecaaaa9e45
ec13a548-5870-40b3-b67c-bdd66bdeee1e,96784a6f-f75a-4923-9c19-b0016165b554
ec13a548-5870-40b3-b67c-bdd66bdeee1e,b54d4c5a-e42b-42d2-b80e-355635dfed8b
03a5fcac-d9b2-4156-9b4f-c15b528a6e84,b2e3f78f-9b53-4079-a223-1350bd0270ef
03a5fcac-d9b2-4156-9b4f-c15b528a6e84,bbffed1b-af70-43c1-9494-8ac8635d98cf
03a5fcac-d9b2-4156-9b4f-c15b528a6e84,35df594e-d866-400b-8389-c51939fb66ce
03a5fcac-d9b2-4156-9b4f-c15b528a6e84,198c01ea-8891-4720-bd07-263217c53f56
f783b378-0849-4560-a957-21c5fa090f39,260856a7-e6ca-49f9-a90f-fc6d9fab9c40
f783b378-0849-4560-a957-21c5fa090f39,78b2eccb-d2d5-4a32-8f64-5284ff0c7486
f783b378-0849-4560-a957-21c5fa090f39,213f9c00-e012-460e-8b5f-9fecda7e6cc9
f783b378-0849-4560-a957-21c5fa090f39,1926f75a-19da-4381-b98b-743c71d54d36
f783b378-0849-4560-a957-21c5fa090f39,dcf8b2cc-ee46-4e18-a0db-cb2c971082a7
877d0b75-b407-492f-b21d-ba05363da03a,260856a7-e6ca-49f9-a90f-fc6d9fab9c40
877d0b75-b407-492f-b21d-ba05363da03a,1ab062dd-8fa3-47c2-8e1f-7509794f111d
877d0b75-b407-492f-b21d-ba05363da03a,1e12e895-a747-4e89-9058-c73d8afe0ed9
877d0b75-b407-492f-b21d-ba05363da03a,7f5abeef-eeb8-4e8b-b501-45350f8cef29
877d0b75-b407-492f-b21d-ba05363da03a,1dd545c4-5369-4cb8-ac55-c92e7c0586a7
877d0b75-b407-492f-b21d-ba05363da03a,b22581d3-375e-4969-8480-144b29b03e20
75d1e912-e08e-4997-9317-1a3fc390f98f,9a41f643-bd8a-4459-ba87-fa55460ff0e8
75d1e912-e08e-4997-9317-1a3fc390f98f,2626ded0-bcef-4584-a44a-5f5f0a6d2c31
75d1e912-e08e-4997-9317-1a3fc390f98f,df2d5f8d-cf84-493f-b805-dc921523b2d3
75d1e912-e08e-4997-9317-1a3fc390f98f,a89bcbbf-3d58-4eab-ab25-4d2f4ffd8e83
02b0e52f-0801-472f-a4eb-b2fb0e99744d,55c5e3a2-cd61-4eff-8e9d-a062df018c3c
02b0e52f-0801-472f-a4eb-b2fb0e99744d,d0dbfb9d-50c9-4e1d-83ea-559cdacf915e
02b0e52f-0801-472f-a4eb-b2fb0e99744d,dbf3cf70-78c7-4c0b-9ee4-96078d547c46
02b0e52f-0801-472f-a4eb-b2fb0e99744d,ba4217e1-000f-48d4-9dc8-c2ef3d879e7e
02b0e52f-0801-472f-a4eb-b2fb0e99744d,6a1f8295-8c23-4860-a1ae-da96a0a275cb
02b0e52f-0801-472f-a4eb-b2fb0e99744d,cac02c1d-5302-4be2-a43f-b90a1fdbe497
6691357f-3c30-4ec2-8168-b1f0f6ef619d,8859fb4a-35df-416a-a6bf-c824a40bc360
6691357f-3c30-4ec2-8168-b1f0f6ef619d,b986afa1-6464-4988-848d-7b945dbc4ed9
6691357f-3c30-4ec2-8168-b1f0f6ef619d,8b7cd39e-0243-4232-8c84-2c5c474c09c0
6691357f-3c30-4ec2-8168-b1f0f6ef619d,69feb75d-d72d-414b-bed6-0e0530e8940e
6691357f-3c30-4ec2-8168-b1f0f6ef619d,8051bd8c-9bd0-4665-b3b7-df5fecf2dd01
f0918a88-a2bd-47cb-be26-6b8599c7f7d8,e259faf2-fb28-48c9-accc-c442691a2012
f0918a88-a2bd-47cb-be26-6b8599c7f7d8,7ef4d12d-ff6a-48a5-85c4-56436a727f61
f0918a88-a2bd-47cb-be26-6b8599c7f7d8,a89bcbbf-3d58-4eab-ab25-4d2f4ffd8e83
279b7114-24ff-4279-8a72-939de2fe7c0f,6304f156-e0df-47b5-b190-f2cee8360676
279b7114-24ff-4279-8a72-939de2fe7c0f,bbb340ea-33d1-45b2-8673-083f6e5114e9
279b7114-24ff-4279-8a72-939de2fe7c0f,b9248627-9fdd-417a-b01e-25b777bcdc27
279b7114-24ff-4279-8a72-939de2fe7c0f,22ae2388-6b70-4426-b105-b1b5fae5a910
73fb77e4-e859-484c-a80a-bdc7cb9cf840,f7af2433-23e3-4f09-86bc-02f4ee195a1a
73fb77e4-e859-484c-a80a-bdc7cb9cf840,bad999df-d399-424e-97dd-5342629a781d
73fb77e4-e859-484c-a80a-bdc7cb9cf840,d9596ec4-0f8b-4f7b-84b5-3c9b29db8f28
73fb77e4-e859-484c-a80a-bdc7cb9cf840,22ae2388-6b70-4426-b105-b1b5fae5a910
cc0aaa6a-3e1a-4cde-ad09-120fad3576c1,44f7367b-8a8f-42c8-b65f-02d8c9938279
cc0aaa6a-3e1a-4cde-ad09-120fad3576c1,ad955955-d618-407b-a9c7-5f406f62af7a
cc0aaa6a-3e1a-4cde-ad09-120fad3576c1,f2678152-b87d-4fd4-a45c-7b6e479e3c4d
cc0aaa6a-3e1a-4cde-ad09-120fad3576c1,b0cf3341-3afc-4b73-ab8d-5422c0c90345
0e2c9530-efd8-4ac1-8fef-7f0931086d08,52cf9956-4f74-4381-a4e9-4b7c0b8c7833
0e2c9530-efd8-4ac1-8fef-7f0931086d08,c6851651-fd8e-4036-ae65-167f7d0e83c9
0e2c9530-efd8-4ac1-8fef-7f0931086d08,206d7cc5-f4dc-451c-a732-9b7693671f83
0e2c9530-efd8-4ac1-8fef-7f0931086d08,6d128833-ef8b-4bfd-ae8a-690cfc9edb4d
0e2c9530-efd8-4ac1-8fef-7f0931086d08,b22581d3-375e-4969-8480-144b29b03e20
354e6f18-618c-4759-a977-6746658537fd,ba4217e1-000f-48d4-9dc8-c2ef3d879e7e
354e6f18-618c-4759-a977-6746658537fd,f5b347ed-5618-4524-a6c0-15915b68e09e
354e6f18-618c-4759-a977-6746658537fd,dca49e37-f9f4-428e-8592-3a2da1336bef
33e556c7-17cb-44d9-974f-30cf2d13e347,227ab2c5-f2fb-402a-ae49-2b07040b0e78
33e556c7-17cb-44d9-974f-30cf2d13e347,f2547509-c309-4044-afa4-32abc925ddad
33e556c7-17cb-44d9-974f-30cf2d13e347,f348484a-1671-4133-93f2-8b72f2bac7a4
33e556c7-17cb-44d9-974f-30cf2d13e347,ffbe657d-3977-43a2-bca6-c165d7fea5de
33e556c7-17cb-44d9-974f-30cf2d13e347,21ecb21d-f73a-44ab-9105-b3cb2bf29164
33e556c7-17cb-44d9-974f-30cf2d13e347,47a01c88-f547-4447-9d54-6f74a98bff1f
41777242-8de6-420d-a1db-c450867f2981,ce645ae5-3909-49dd-808f-a8cfb91dbd70
41777242-8de6-420d-a1db-c450867f2981,2eeafc3c-86fb-4d0d-817d-6d8c590f04c6
41777242-8de6-420d-a1db-c450867f2981,31871f93-4711-409d-ac7c-2f67564107fc
28fc94a0-0b35-4ba8-afe8-cc3bd47defab,f1db2b67-bb62-48c9-bf1f-ad4da2cbd9de
28fc94a0-0b35-4ba8-afe8-cc3bd47defab,f4dd1d23-e5d4-4627-89a3-05c923ada719
28fc94a0-0b35-4ba8-afe8-cc3bd47defab,ffbe657d-3977-43a2-bca6-c165d7fea5de
28fc94a0-0b35-4ba8-afe8-cc3bd47defab,a0adf04b-145f-444f-92ac-8d6d589f6daf
d350f68e-c4b0-4c40-a6e4-61b83dc86894,4ce49db1-be21-4b6c-a3e5-d8269040ace8
d350f68e-c4b0-4c40-a6e4-61b83dc86894,40730896-075a-425a-92a8-c420321c2060
d350f68e-c4b0-4c40-a6e4-61b83dc86894,7eaef6d3-8cde-4bc7-aafe-e8304e2de26d
13ce5b67-3a52-4875-b8da-50dbbbfa8dc8,ad02917d-2c7b-4092-b20d-35309b5b6d94
13ce5b67-3a52-4875-b8da-50dbbbfa8dc8,8aa0b378-fbc1-4806-a17c-843232667204
13ce5b67-3a52-4875-b8da-50dbbbfa8dc8,aa875f56-0eae-42a3-a058-3549a72d29ae
0da882ee-dca5-416b-beed-951d3f9d9750,d911f1e7-8ea9-441c-96a3-4f0346aece49
0da882ee-dca5-416b-beed-951d3f9d9750,9264ccce-70fa-431a-8b2d-32d7c69d400b
0da882ee-dca5-416b-beed-951d3f9d9750,39f4849b-6eff-4672-ab6c-ea84a8c779d5
0da882ee-dca5-416b-beed-951d3f9d9750,11a5bdad-34c4-43f3-b51d-a2a0ac062775
0da882ee-dca5-416b-beed-951d3f9d9750,25bff77f-9fa2-45ff-8cfc-ea7946962aee
0da882ee-dca5-416b-beed-951d3f9d9750,d853cc0e-ffb6-41fa-a794-21450ef1c936
4cc0b863-42cb-4e69-a310-6d8790456ab2,3cebccb3-f2d3-4c3b-bb8a-ed2e32b5b341
4cc0b863-42cb-4e69-a310-6d8790456ab2,014b34b5-bb26-4dc6-8fa2-02dd087c7085
4cc0b863-42cb-4e69-a310-6d8790456ab2,bd01479f-5074-40a5-9f90-0b339273c353
4cc0b863-42cb-4e69-a310-6d8790456ab2,5be86b3e-125d-4cca-94a4-8d59ff94024a
4cc0b863-42cb-4e69-a310-6d8790456ab2,78ba7c49-435e-465e-8021-78da6619cc5b
3377049d-2733-4e96-baea-fb5c7e906a62,26baa375-73e9-471f-9e7d-118d5d30b603
3377049d-2733-4e96-baea-fb5c7e906a62,99a4b96b-0b02-4b8d-9eda-9349c895fd68
3377049d-2733-4e96-baea-fb5c7e906a62,6c080bbe-6366-475b-b6f1-efb3faae7e97
3377049d-2733-4e96-baea-fb5c7e906a62,a50cbd72-a13e-4d27-8b4e-2bfd65a453d4
0757f426-c68c-4ea2-a02a-bdc4117898d8,9d6dc40a-df43-479e-b3f2-1e7386a1c94c
0757f426-c68c-4ea2-a02a-bdc4117898d8,c43809df-3e8c-403c-b054-da271361c6c2
0757f426-c68c-4ea2-a02a-bdc4117898d8,1926f75a-19da-4381-b98b-743c71d54d36
0757f426-c68c-4ea2-a02a-bdc4117898d8,f826af90-f8b0-4718-88ce-527e0dd3b4b7
d895d010-2fd9-436d-a7a3-6d3acf04cf64,54d0282b-bfe3-409b-a8cc-a3eda1f08bda
d895d010-2fd9-436d-a7a3-6d3acf04cf64,469da8cf-7bc1-41fa-824d-1dada092bd03
d895d010-2fd9-436d-a7a3-6d3acf04cf64,11a5bdad-34c4-43f3-b51d-a2a0ac062775
d895d010-2fd9-436d-a7a3-6d3acf04cf64,98717c06-7c80-490e-adea-46cc553746f2
05eac228-2a6c-4972-848c-4398042d2c91,4fa3c92b-5f2d-421b-b827-c4a866a5ebe0
05eac228-2a6c-4972-848c-4398042d2c91,e789cbd2-abc5-41a2-bf56-3a5ea276dd24
05eac228-2a6c-4972-848c-4398042d2c91,69feb75d-d72d-414b-bed6-0e0530e8940e
99b2063b-a335-4bd8-a664-742b6de0d1a8,d28c64eb-79dd-4cbb-848c-a901c6a1c432
99b2063b-a335-4bd8-a664-742b6de0d1a8,d6bf8387-7545-4e2f-8203-46bb9aa1f371
99b2063b-a335-4bd8-a664-742b6de0d1a8,d5e260cd-8306-469c-ab1e-5c2111ef81fe
99b2063b-a335-4bd8-a664-742b6de0d1a8,54d0282b-bfe3-409b-a8cc-a3eda1f08bda
99b2063b-a335-4bd8-a664-742b6de0d1a8,b62619a9-dc83-4ff0-8bd6-002c21080e20
149872bc-ad76-433d-b9d3-41c7ab42bae8,a89bcbbf-3d58-4eab-ab25-4d2f4ffd8e83
149872bc-ad76-433d-b9d3-41c7ab42bae8,f6cba2e2-ad44-4685-8678-02063c044499
149872bc-ad76-433d-b9d3-41c7ab42bae8,e57eef9e-0189-4d45-a940-7676bd5bc64e
149872bc-ad76-433d-b9d3-41c7ab42bae8,d5e260cd-8306-469c-ab1e-5c2111ef81fe
149872bc-ad76-433d-b9d3-41c7ab42bae8,9c9d690d-78ce-4cc4-8844-e8833ac63dca
149872bc-ad76-433d-b9d3-41c7ab42bae8,294e54fe-1698-4eb2-814b-acc5d7286f9c
0f401d08-293a-48c8-802a-15228ee57275,213f9c00-e012-460e-8b5f-9fecda7e6cc9
0f401d08-293a-48c8-802a-15228ee57275,b9248627-9fdd-417a-b01e-25b777bcdc27
0f401d08-293a-48c8-802a-15228ee57275,3736b7ea-1966-411f-8a96-b3537ff4ea71
0f401d08-293a-48c8-802a-15228ee57275,6d128833-ef8b-4bfd-ae8a-690cfc9edb4d
0f401d08-293a-48c8-802a-15228ee57275,df4cec6b-9661-4675-a22a-0f2efab701bd
1cdc8e49-4945-47f9-8bb8-4a25cb1bfe62,ac5c33a3-39c6-4814-b313-2a392b20fc29
1cdc8e49-4945-47f9-8bb8-4a25cb1bfe62,ffcf74ce-aa64-405d-8beb-a4b24554980c
1cdc8e49-4945-47f9-8bb8-4a25cb1bfe62,6e78747a-8af6-454f-a725-50038b581323
1cdc8e49-4945-47f9-8bb8-4a25cb1bfe62,250cc56d-9891-479e-931f-1bc383cb229c
1cdc8e49-4945-47f9-8bb8-4a25cb1bfe62,e8a51ddd-ca03-45d9-abc9-a5d8d52979e7
1cdc8e49-4945-47f9-8bb8-4a25cb1bfe62,cd1f5a18-cb34-4b97-b4b5-55d6a6f59feb
d5a33853-414c-4029-8ce6-a18cddb30a39,9076cc70-b292-42cf-bb3f-7e4b3f36d1b9
d5a33853-414c-4029-8ce6-a18cddb30a39,6e78747a-8af6-454f-a725-50038b581323
d5a33853-414c-4029-8ce6-a18cddb30a39,d3b963ba-ae4e-4287-a45c-7cb39dc29e49
d5a33853-414c-4029-8ce6-a18cddb30a39,624e97c8-91d0-48b7-ba9b-c2af5abfb17d
d5a33853-414c-4029-8ce6-a18cddb30a39,1ab062dd-8fa3-47c2-8e1f-7509794f111d
32611282-8067-4b58-a513-c8bac72e43c2,81d82eb9-b897-4569-8946-5c7c35ec12e8
32611282-8067-4b58-a513-c8bac72e43c2,fea2dfd1-0724-4cd0-b480-710d98646c0c
32611282-8067-4b58-a513-c8bac72e43c2,6a1f8295-8c23-4860-a1ae-da96a0a275cb
32611282-8067-4b58-a513-c8bac72e43c2,644b5ae7-bb99-4ec2-b530-65e032829eaf
32611282-8067-4b58-a513-c8bac72e43c2,639407fb-cbdb-4589-9a23-77941801807a
1206243c-301e-4a96-b5e7-3b94d0a5f601,5d151d8c-4201-4960-a5ab-70e9e8d66c4b
1206243c-301e-4a96-b5e7-3b94d0a5f601,cd1f5a18-cb34-4b97-b4b5-55d6a6f59feb
1206243c-301e-4a96-b5e7-3b94d0a5f601,646d1d6a-253e-41c0-8668-15830e2c46d7
b86a5637-21e4-4ff8-9d5f-30947c910c56,8a669eef-f00b-4879-a134-bf5fe756c817
b86a5637-21e4-4ff8-9d5f-30947c910c56,b5f3170c-42cc-404c-8421-b4a55b480ef5
b86a5637-21e4-4ff8-9d5f-30947c910c56,014b34b5-bb26-4dc6-8fa2-02dd087c7085
b86a5637-21e4-4ff8-9d5f-30947c910c56,732aa37c-0b06-41c7-a0e2-69845407a066
49cf2202-f9ca-4a7d-bb2d-73fad5e7eed0,d9596ec4-0f8b-4f7b-84b5-3c9b29db8f28
49cf2202-f9ca-4a7d-bb2d-73fad5e7eed0,96784a6f-f75a-4923-9c19-b0016165b554
49cf2202-f9ca-4a7d-bb2d-73fad5e7eed0,6363e564-0489-4c21-b20b-293e3b2a1cd9
b354c613-466d-453f-b376-e77218e33e4f,b62619a9-dc83-4ff0-8bd6-002c21080e20
b354c613-466d-453f-b376-e77218e33e4f,26baa375-73e9-471f-9e7d-118d5d30b603
b354c613-466d-453f-b376-e77218e33e4f,52ee5c51-2e48-4dd2-ae27-13bbd776115d
b354c613-466d-453f-b376-e77218e33e4f,2dcce150-f53c-423f-bc7f-8bd55aa67e2d
b354c613-466d-453f-b376-e77218e33e4f,4a60fb1d-356e-4d91-9093-133af393cce4
743837a1-1082-4046-81ae-d0ca764e6c95,9a41f643-bd8a-4459-ba87-fa55460ff0e8
743837a1-1082-4046-81ae-d0ca764e6c95,e3251238-8ee6-4a55-8cb5-53de030d42e1
743837a1-1082-4046-81ae-d0ca764e6c95,7cfff9c3-f95b-4c70-92a6-fab47ee82fb7
743837a1-1082-4046-81ae-d0ca764e6c95,5f15392d-ef0b-4796-b4ad-072f80073799
743837a1-1082-4046-81ae-d0ca764e6c95,f6cba2e2-ad44-4685-8678-02063c044499
743837a1-1082-4046-81ae-d0ca764e6c95,7d584827-87f1-43e1-9663-2fc8e0574d87
6f0564cf-e27c-4901-b703-5660f651f87a,8aa0b378-fbc1-4806-a17c-843232667204
6f0564cf-e27c-4901-b703-5660f651f87a,6588990c-865f-4846-9f6a-5fd754fb4521
6f0564cf-e27c-4901-b703-5660f651f87a,94f21f60-c3ea-4ff4-a571-c28721902c9e
845f949f-9614-4080-a6c3-22aaad9cea94,d5e260cd-8306-469c-ab1e-5c2111ef81fe
845f949f-9614-4080-a6c3-22aaad9cea94,ff6daca5-1859-4d45-8aa5-2a6abb9b473f
845f949f-9614-4080-a6c3-22aaad9cea94,bcc4bf5b-334b-4373-bde1-559ff1093133
793002a9-bf67-427d-9b67-d31f596af792,4cde51cd-4dc8-4e25-aa38-fb2f4a98d8af
793002a9-bf67-427d-9b67-d31f596af792,6a1f8295-8c23-4860-a1ae-da96a0a275cb
793002a9-bf67-427d-9b67-d31f596af792,d695e686-ab1e-48db-8a94-dec7b1439001
793002a9-bf67-427d-9b67-d31f596af792,5be86b3e-125d-4cca-94a4-8d59ff94024a
793002a9-bf67-427d-9b67-d31f596af792,7ef4d12d-ff6a-48a5-85c4-56436a727f61
793002a9-bf67-427d-9b67-d31f596af792,bb599fd6-f406-4fa5-939a-99c1da41d59b
2bd3ade5-c169-4798-9ffd-10358f7bef4c,11acbe7a-925d-45e2-a480-2bd74a73fb3f
2bd3ade5-c169-4798-9ffd-10358f7bef4c,d5224a88-0a4e-4e36-8003-20163d22c017
2bd3ade5-c169-4798-9ffd-10358f7bef4c,93778143-91c4-4c32-9e3d-12a2220e4aed
2bd3ade5-c169-4798-9ffd-10358f7bef4c,6588990c-865f-4846-9f6a-5fd754fb4521
2bd3ade5-c169-4798-9ffd-10358f7bef4c,3f86d5f8-5b58-4021-ae71-14bc895813f7
f40fccb7-c8ff-46f3-80bd-e7dd920ec575,566596de-de4f-4b0b-b1af-e5f9de011351
f40fccb7-c8ff-46f3-80bd-e7dd920ec575,d3609d65-3def-49b7-8384-d9cca9b6cbe7
f40fccb7-c8ff-46f3-80bd-e7dd920ec575,260856a7-e6ca-49f9-a90f-fc6d9fab9c40
f40fccb7-c8ff-46f3-80bd-e7dd920ec575,5f15392d-ef0b-4796-b4ad-072f80073799
f40fccb7-c8ff-46f3-80bd-e7dd920ec575,7665907d-0fa3-4f09-b46c-70932ceba535
f40fccb7-c8ff-46f3-80bd-e7dd920ec575,639407fb-cbdb-4589-9a23-77941801807a
69c73e45-4bea-41c8-8e20-893222749089,a2ccc039-9c1b-4f3d-bc9e-b1ebfee27545
69c73e45-4bea-41c8-8e20-893222749089,94ae6e70-f68f-45ba-a5b4-6c43ae088080
69c73e45-4bea-41c8-8e20-893222749089,7c056b79-7d97-4ca3-a12b-a695472ec0f1
69c73e45-4bea-41c8-8e20-893222749089,0670204c-89ad-46c6-9dfc-6470333c9ba0
69c73e45-4bea-41c8-8e20-893222749089,7519437c-e741-4ee6-8d2e-86972a6ba169
69c73e45-4bea-41c8-8e20-893222749089,9843e136-2aab-4468-ae9b-89245b509696
bb3fccfa-1e8a-4ff8-b11c-c67ef2b6394e,f1db2b67-bb62-48c9-bf1f-ad4da2cbd9de
bb3fccfa-1e8a-4ff8-b11c-c67ef2b6394e,4401327e-8678-45e0-a438-5d903f7b37c2
bb3fccfa-1e8a-4ff8-b11c-c67ef2b6394e,d6702ec9-8fb2-4ecb-a8fe-42e03e037eca
bb3fccfa-1e8a-4ff8-b11c-c67ef2b6394e,353c204c-a9da-42bb-a7be-0513ccf9531d
bb3fccfa-1e8a-4ff8-b11c-c67ef2b6394e,8657f0d4-1e52-4f1b-830e-5fa03aa485e2
5a1eef92-b316-4b34-aabe-df5165f29989,fad6b0de-9e89-48df-9bb8-0876e6bd1d43
5a1eef92-b316-4b34-aabe-df5165f29989,1d56a7f4-94a2-4b7e-9fc2-1365205a85d3
5a1eef92-b316-4b34-aabe-df5165f29989,ee51bfd7-4afb-4548-9501-ae39cca1ea7f
5a1eef92-b316-4b34-aabe-df5165f29989,3591abe5-6b1f-40d2-b827-00bb6fea88cd
5a1eef92-b316-4b34-aabe-df5165f29989,178c8c2a-c051-4a95-beb6-d262637772e4
aad7b6e6-c0ad-43d8-b2d2-93fd84c034e8,0c8dfb82-db40-4550-bb7f-f0c078d80115
aad7b6e6-c0ad-43d8-b2d2-93fd84c034e8,0670204c-89ad-46c6-9dfc-6470333c9ba0
aad7b6e6-c0ad-43d8-b2d2-93fd84c034e8,d98d4e3f-74f8-4975-b740-5b7ff06d20bb
aad7b6e6-c0ad-43d8-b2d2-93fd84c034e8,f1db2b67-bb62-48c9-bf1f-ad4da2cbd9de
722f6bec-9b1f-4edd-b4bb-c7571cad7500,e259faf2-fb28-48c9-accc-c442691a2012
722f6bec-9b1f-4edd-b4bb-c7571cad7500,93778143-91c4-4c32-9e3d-12a2220e4aed
722f6bec-9b1f-4edd-b4bb-c7571cad7500,b421ffce-22c8-4e0e-b8ed-5079ce71513a
808c129f-bdb0-492a-a882-d9a16558dad6,bd01479f-5074-40a5-9f90-0b339273c353
808c129f-bdb0-492a-a882-d9a16558dad6,cac02c1d-5302-4be2-a43f-b90a1fdbe497
808c129f-bdb0-492a-a882-d9a16558dad6,b5e23ac2-f95a-4a1b-be6a-6a2913a431ca
808c129f-bdb0-492a-a882-d9a16558dad6,c518df1d-2768-4c6f-8259-07bc54867254
808c129f-bdb0-492a-a882-d9a16558dad6,b62619a9-dc83-4ff0-8bd6-002c21080e20
9eaf53d2-b3de-4443-a8c6-5f98536cb753,eb99a4f0-7bf6-40b4-9d93-43a300d07d6a
9eaf53d2-b3de-4443-a8c6-5f98536cb753,5868e43e-509c-45f0-89b7-ba83765294a5
9eaf53d2-b3de-4443-a8c6-5f98536cb753,301bca0e-b1b6-4294-bc88-aa15e01bb01f
9eaf53d2-b3de-4443-a8c6-5f98536cb753,260856a7-e6ca-49f9-a90f-fc6d9fab9c40
2769ebe5-c85a-4d2d-9df1-ab622d8235aa,54d0282b-bfe3-409b-a8cc-a3eda1f08bda
2769ebe5-c85a-4d2d-9df1-ab622d8235aa,3dc40462-a7b1-47f9-9ed2-699318dff677
2769ebe5-c85a-4d2d-9df1-ab622d8235aa,8e4576f8-d36c-45bd-bc86-a77ad6a30b30
2769ebe5-c85a-4d2d-9df1-ab622d8235aa,c6001088-bd37-4b47-8754-dc2188d53969
2769ebe5-c85a-4d2d-9df1-ab622d8235aa,df4cec6b-9661-4675-a22a-0f2efab701bd
596e62de-3fe4-4367-a5ab-4a453c52e757,a8db4d69-1b6e-4a06-954e-4639ab9151e1
596e62de-3fe4-4367-a5ab-4a453c52e757,d9596ec4-0f8b-4f7b-84b5-3c9b29db8f28
596e62de-3fe4-4367-a5ab-4a453c52e757,7508de66-671e-44b5-8e9b-e24d69258d93
596e62de-3fe4-4367-a5ab-4a453c52e757,58b3233b-78bf-4f5a-a396-3fe872a2b23e
0458e663-832f-4190-baf1-a95e4ce8f6b6,fb1bf6ce-d824-4778-8094-2856b4efe6f3
0458e663-832f-4190-baf1-a95e4ce8f6b6,0670204c-89ad-46c6-9dfc-6470333c9ba0
0458e663-832f-4190-baf1-a95e4ce8f6b6,948d631d-cf88-459e-9e37-0f63122154d4
0458e663-832f-4190-baf1-a95e4ce8f6b6,295da676-ee2f-461b-a7d9-c2fd239b6e72
0458e663-832f-4190-baf1-a95e4ce8f6b6,283a3202-ad61-43e9-a46b-f74ee8aeef2c
154f2bed-fff7-4276-8756-ade3902ad49a,bd01479f-5074-40a5-9f90-0b339273c353
154f2bed-fff7-4276-8756-ade3902ad49a,9fbf08a4-7b08-4c87-9735-216608a21054
154f2bed-fff7-4276-8756-ade3902ad49a,df4cec6b-9661-4675-a22a-0f2efab701bd
0747ff0a-d907-4e31-a687-d473fdaa2714,2a6cd9d3-d323-4959-93ee-edc4218bf9d5
0747ff0a-d907-4e31-a687-d473fdaa2714,b5f3170c-42cc-404c-8421-b4a55b480ef5
0747ff0a-d907-4e31-a687-d473fdaa2714,9860c8c0-2a84-4956-95ea-c47ff01a6104
013b57b2-b6b2-4948-acfa-0095f5f8bda1,883faa41-bcd7-487d-a1f3-200a3753d7ba
013b57b2-b6b2-4948-acfa-0095f5f8bda1,ad955955-d618-407b-a9c7-5f406f62af7a
013b57b2-b6b2-4948-acfa-0095f5f8bda1,7c62b8b9-7225-4965-80f9-5b0aaa3e5fc6
013b57b2-b6b2-4948-acfa-0095f5f8bda1,8f84c445-0a6c-4e67-8f57-9410dcc3aeaf
013b57b2-b6b2-4948-acfa-0095f5f8bda1,34ccd12b-381d-4f22-a882-3a4887b4b860
013b57b2-b6b2-4948-acfa-0095f5f8bda1,9a41f643-bd8a-4459-ba87-fa55460ff0e8
00c32c73-0f57-46f2-9b21-7f4883af7315,1ab062dd-8fa3-47c2-8e1f-7509794f111d
00c32c73-0f57-46f2-9b21-7f4883af7315,36a9be1e-89b2-458d-9f97-fba949f82339
00c32c73-0f57-46f2-9b21-7f4883af7315,c43809df-3e8c-403c-b054-da271361c6c2
00c32c73-0f57-46f2-9b21-7f4883af7315,5868e43e-509c-45f0-89b7-ba83765294a5
00c32c73-0f57-46f2-9b21-7f4883af7315,f348484a-1671-4133-93f2-8b72f2bac7a4
00c32c73-0f57-46f2-9b21-7f4883af7315,7eaef6d3-8cde-4bc7-aafe-e8304e2de26d
3652be73-b74d-49cf-83c6-55ccb0fb17dc,c6a0973b-61c5-4497-adcf-ab8f24585ef7
3652be73-b74d-49cf-83c6-55ccb0fb17dc,df4cec6b-9661-4675-a22a-0f2efab701bd
3652be73-b74d-49cf-83c6-55ccb0fb17dc,50c01ef0-d84c-4505-96a2-f87dd3861de6
3652be73-b74d-49cf-83c6-55ccb0fb17dc,fea2dfd1-0724-4cd0-b480-710d98646c0c
3652be73-b74d-49cf-83c6-55ccb0fb17dc,e259faf2-fb28-48c9-accc-c442691a2012
3652be73-b74d-49cf-83c6-55ccb0fb17dc,d696251a-4114-4574-9ef3-5bdf2f55f843
ce4b13cb-2842-42ec-8903-a995cf92f378,08518f67-c25e-4fbe-9511-51d3294cde3f
ce4b13cb-2842-42ec-8903-a995cf92f378,7db6fca9-ae6a-46ec-b9ff-2fbce17453a1
ce4b13cb-2842-42ec-8903-a995cf92f378,d3b963ba-ae4e-4287-a45c-7cb39dc29e49
ce4b13cb-2842-42ec-8903-a995cf92f378,66cf8c72-360b-4bbb-9f83-3757569eef06
0b8f42da-1cc0-40b7-8c4b-dbb5e686adf5,b54d4c5a-e42b-42d2-b80e-355635dfed8b
0b8f42da-1cc0-40b7-8c4b-dbb5e686adf5,644b5ae7-bb99-4ec2-b530-65e032829eaf
0b8f42da-1cc0-40b7-8c4b-dbb5e686adf5,acb474c9-8727-4805-bfcb-61749a956687
0b8f42da-1cc0-40b7-8c4b-dbb5e686adf5,7c056b79-7d97-4ca3-a12b-a695472ec0f1
0b8f42da-1cc0-40b7-8c4b-dbb5e686adf5,7612038d-8acc-496f-a462-68efce5dab16
f65af458-e0a7-4e01-a802-07d57a7bfd7c,80156453-bdca-4f35-b017-1151ea7fb279
f65af458-e0a7-4e01-a802-07d57a7bfd7c,a50cbd72-a13e-4d27-8b4e-2bfd65a453d4
f65af458-e0a7-4e01-a802-07d57a7bfd7c,28bd15bf-3fcc-4812-bd4b-13ee09c986a3
3c37bad5-7feb-4286-8e97-d9f31b4b0aec,b2e3f78f-9b53-4079-a223-1350bd0270ef
3c37bad5-7feb-4286-8e97-d9f31b4b0aec,644b5ae7-bb99-4ec2-b530-65e032829eaf
3c37bad5-7feb-4286-8e97-d9f31b4b0aec,0670204c-89ad-46c6-9dfc-6470333c9ba0
3c37bad5-7feb-4286-8e97-d9f31b4b0aec,4e92bf4e-4589-430b-bd7a-17a940bd435e
fcdcaf52-4aec-40f4-9958-c63e43e5a968,87fbf45b-cc3d-4c0b-ab39-a14abcf4f5a2
fcdcaf52-4aec-40f4-9958-c63e43e5a968,8051bd8c-9bd0-4665-b3b7-df5fecf2dd01
fcdcaf52-4aec-40f4-9958-c63e43e5a968,0607ded6-c6c3-4e2b-b8b4-628d08ee316b
fcdcaf52-4aec-40f4-9958-c63e43e5a968,98717c06-7c80-490e-adea-46cc553746f2
fcdcaf52-4aec-40f4-9958-c63e43e5a968,198c01ea-8891-4720-bd07-263217c53f56
fcdcaf52-4aec-40f4-9958-c63e43e5a968,4d0b5428-456c-4d60-b9f2-cf50268fc85e
012f23ea-83cd-4403-a752-42801c850a1d,d35610ac-29dd-40d8-82e9-3952178720d7
012f23ea-83cd-4403-a752-42801c850a1d,646d1d6a-253e-41c0-8668-15830e2c46d7
012f23ea-83cd-4403-a752-42801c850a1d,06aac54b-93fa-4f02-a10e-2d14dce1b62c
012f23ea-83cd-4403-a752-42801c850a1d,407334ae-3896-44a0-bea3-3e917acabb53
012f23ea-83cd-4403-a752-42801c850a1d,fc4c1916-ad6e-469e-8f15-1e2a98170a3f
012f23ea-83cd-4403-a752-42801c850a1d,9ace43e6-95d9-4581-a33e-2fdd408a7319
985fd6f0-866e-463d-8de2-89859a87c720,55c5e3a2-cd61-4eff-8e9d-a062df018c3c
985fd6f0-866e-463d-8de2-89859a87c720,3591abe5-6b1f-40d2-b827-00bb6fea88cd
985fd6f0-866e-463d-8de2-89859a87c720,abb1fb44-10ea-4035-bbd0-3b918217d400
985fd6f0-866e-463d-8de2-89859a87c720,3cebccb3-f2d3-4c3b-bb8a-ed2e32b5b341
985fd6f0-866e-463d-8de2-89859a87c720,f826af90-f8b0-4718-88ce-527e0dd3b4b7
985fd6f0-866e-463d-8de2-89859a87c720,7508de66-671e-44b5-8e9b-e24d69258d93
52fedfaa-7ca4-4ca6-9b99-dd076753ecad,acb474c9-8727-4805-bfcb-61749a956687
52fedfaa-7ca4-4ca6-9b99-dd076753ecad,55c5e3a2-cd61-4eff-8e9d-a062df018c3c
52fedfaa-7ca4-4ca6-9b99-dd076753ecad,f690a0a2-05df-43c2-95c8-bb852ad0a1d8
bdd840d8-c097-4ea2-a571-aa962fc9b869,5868e43e-509c-45f0-89b7-ba83765294a5
bdd840d8-c097-4ea2-a571-aa962fc9b869,84086d44-3fb3-43fd-a7a2-d32e47b14375
bdd840d8-c097-4ea2-a571-aa962fc9b869,35df594e-d866-400b-8389-c51939fb66ce
bdd840d8-c097-4ea2-a571-aa962fc9b869,94e3ff8e-2bf9-4364-964c-b09154a10252
bdd840d8-c097-4ea2-a571-aa962fc9b869,7f5abeef-eeb8-4e8b-b501-45350f8cef29
bdd840d8-c097-4ea2-a571-aa962fc9b869,d28c64eb-79dd-4cbb-848c-a901c6a1c432
d1d298b2-50c8-48e1-ba42-15341479302c,ad41cb58-7de1-483d-94a5-3bad116810c2
d1d298b2-50c8-48e1-ba42-15341479302c,bb5ea502-8d19-4c61-85fc-75939382ea6f
d1d298b2-50c8-48e1-ba42-15341479302c,c9dae9fc-231c-4456-beec-0112a939713a
d1d298b2-50c8-48e1-ba42-15341479302c,8f84c445-0a6c-4e67-8f57-9410dcc3aeaf
87ea0733-5430-44f1-b8ff-0b5e03bda5a9,eb99a4f0-7bf6-40b4-9d93-43a300d07d6a
87ea0733-5430-44f1-b8ff-0b5e03bda5a9,b2342b43-b67e-456e-b1a4-f5272d4d7f01
87ea0733-5430-44f1-b8ff-0b5e03bda5a9,fea2dfd1-0724-4cd0-b480-710d98646c0c
87ea0733-5430-44f1-b8ff-0b5e03bda5a9,aa875f56-0eae-42a3-a058-3549a72d29ae
2468a866-aa00-4ea9-a67d-d7709f0f1627,b0cf3341-3afc-4b73-ab8d-5422c0c90345
2468a866-aa00-4ea9-a67d-d7709f0f1627,96784a6f-f75a-4923-9c19-b0016165b554
2468a866-aa00-4ea9-a67d-d7709f0f1627,e63879bf-6010-42bd-beda-ff2c5416412a
2468a866-aa00-4ea9-a67d-d7709f0f1627,c43809df-3e8c-403c-b054-da271361c6c2
2468a866-aa00-4ea9-a67d-d7709f0f1627,407334ae-3896-44a0-bea3-3e917acabb53
04cd1573-139c-4ef2-8ff6-4a9c2d8af49a,9958ecfa-7fa1-44bc-9a86-04a5894bbd4f
04cd1573-139c-4ef2-8ff6-4a9c2d8af49a,d35610ac-29dd-40d8-82e9-3952178720d7
04cd1573-139c-4ef2-8ff6-4a9c2d8af49a,6e78747a-8af6-454f-a725-50038b581323
04cd1573-139c-4ef2-8ff6-4a9c2d8af49a,1dd545c4-5369-4cb8-ac55-c92e7c0586a7
04cd1573-139c-4ef2-8ff6-4a9c2d8af49a,66cf8c72-360b-4bbb-9f83-3757569eef06
04cd1573-139c-4ef2-8ff6-4a9c2d8af49a,26baa375-73e9-471f-9e7d-118d5d30b603
e10957fc-3f7e-4f24-b992-8c81796e54fd,9860c8c0-2a84-4956-95ea-c47ff01a6104
e10957fc-3f7e-4f24-b992-8c81796e54fd,a1a39557-10ab-486a-9990-6952cecf9102
e10957fc-3f7e-4f24-b992-8c81796e54fd,0670204c-89ad-46c6-9dfc-6470333c9ba0
0be834b6-cb54-405c-87a4-2db82a29822e,52d6c805-6a1a-4210-af8f-48baf2f93fbd
0be834b6-cb54-405c-87a4-2db82a29822e,dbf3cf70-78c7-4c0b-9ee4-96078d547c46
0be834b6-cb54-405c-87a4-2db82a29822e,e2cb0bb3-63ac-48a4-b984-0d761dab34d7
69e41f2d-ed0e-47ad-94f9-76b8fa77bc3f,80dde90c-8294-44e3-b114-36243b89dc06
69e41f2d-ed0e-47ad-94f9-76b8fa77bc3f,8051bd8c-9bd0-4665-b3b7-df5fecf2dd01
69e41f2d-ed0e-47ad-94f9-76b8fa77bc3f,7eaef6d3-8cde-4bc7-aafe-e8304e2de26d
69e41f2d-ed0e-47ad-94f9-76b8fa77bc3f,f4070ef7-0d6f-4d82-ac03-2ced42de8e6b
69e41f2d-ed0e-47ad-94f9-76b8fa77bc3f,fb1bf6ce-d824-4778-8094-2856b4efe6f3
56ddf283-ee49-4741-aa63-6e19e496f6d9,c6851651-fd8e-4036-ae65-167f7d0e83c9
56ddf283-ee49-4741-aa63-6e19e496f6d9,c9dae9fc-231c-4456-beec-0112a939713a
56ddf283-ee49-4741-aa63-6e19e496f6d9,bb599fd6-f406-4fa5-939a-99c1da41d59b
56ddf283-ee49-4741-aa63-6e19e496f6d9,1ab062dd-8fa3-47c2-8e1f-7509794f111d
56ddf283-ee49-4741-aa63-6e19e496f6d9,775acaac-4a18-42f4-9606-dd45bae1f6e4
56ddf283-ee49-4741-aa63-6e19e496f6d9,81d82eb9-b897-4569-8946-5c7c35ec12e8
cc031397-93b4-4e08-aeb5-38bd02a07931,80156453-bdca-4f35-b017-1151ea7fb279
cc031397-93b4-4e08-aeb5-38bd02a07931,639407fb-cbdb-4589-9a23-77941801807a
cc031397-93b4-4e08-aeb5-38bd02a07931,883faa41-bcd7-487d-a1f3-200a3753d7ba
cc031397-93b4-4e08-aeb5-38bd02a07931,ba9b936e-4809-4b9c-b991-261dc1360991
cc031397-93b4-4e08-aeb5-38bd02a07931,31871f93-4711-409d-ac7c-2f67564107fc
94362047-c2ae-44ce-b076-c403163706d7,54d0282b-bfe3-409b-a8cc-a3eda1f08bda
94362047-c2ae-44ce-b076-c403163706d7,abb1fb44-10ea-4035-bbd0-3b918217d400
94362047-c2ae-44ce-b076-c403163706d7,fa1cbcf1-d07f-420d-8fbf-bea1d99be88f
94362047-c2ae-44ce-b076-c403163706d7,8e4576f8-d36c-45bd-bc86-a77ad6a30b30
7e6c23bf-5fb0-4119-90ab-d47a0948d695,2410c808-64bc-4794-9994-01b89bbe29bc
7e6c23bf-5fb0-4119-90ab-d47a0948d695,8051bd8c-9bd0-4665-b3b7-df5fecf2dd01
7e6c23bf-5fb0-4119-90ab-d47a0948d695,07adf32d-981c-4a29-afca-5bd7c6f624db
7e6c23bf-5fb0-4119-90ab-d47a0948d695,55c5e3a2-cd61-4eff-8e9d-a062df018c3c
918c840c-37a7-429e-8563-8bb1d186cb17,07adf32d-981c-4a29-afca-5bd7c6f624db
918c840c-37a7-429e-8563-8bb1d186cb17,7fec3a15-6aa5-4f7b-922a-d22fd62f566f
918c840c-37a7-429e-8563-8bb1d186cb17,f4dd1d23-e5d4-4627-89a3-05c923ada719
918c840c-37a7-429e-8563-8bb1d186cb17,7519437c-e741-4ee6-8d2e-86972a6ba169
918c840c-37a7-429e-8563-8bb1d186cb17,94e3ff8e-2bf9-4364-964c-b09154a10252
918c840c-37a7-429e-8563-8bb1d186cb17,c518df1d-2768-4c6f-8259-07bc54867254
4982c9f6-4892-4335-9c15-cc470643ab6e,0894b7fb-ff75-4912-a256-535fc52512ef
4982c9f6-4892-4335-9c15-cc470643ab6e,ffbe657d-3977-43a2-bca6-c165d7fea5de
4982c9f6-4892-4335-9c15-cc470643ab6e,2eeafc3c-86fb-4d0d-817d-6d8c590f04c6
84badcad-629c-4d46-9d4e-01a8c1b41c78,82806955-136c-4d66-ab37-5ff7cc8c5f91
84badcad-629c-4d46-9d4e-01a8c1b41c78,8a0fd9bc-df4c-42eb-93f9-033d067febb1
84badcad-629c-4d46-9d4e-01a8c1b41c78,aa875f56-0eae-42a3-a058-3549a72d29ae
84badcad-629c-4d46-9d4e-01a8c1b41c78,8ff09a90-4632-4190-ad57-b2d0c0802b66
84badcad-629c-4d46-9d4e-01a8c1b41c78,e63879bf-6010-42bd-beda-ff2c5416412a
84badcad-629c-4d46-9d4e-01a8c1b41c78,a8db4d69-1b6e-4a06-954e-4639ab9151e1
5c93d574-e8f4-4f27-ba77-57bf20cedfef,faf2ca67-8574-48cb-8e3f-a4416b69105d
5c93d574-e8f4-4f27-ba77-57bf20cedfef,2dcce150-f53c-423f-bc7f-8bd55aa67e2d
5c93d574-e8f4-4f27-ba77-57bf20cedfef,e89bb491-a7d9-4b98-8a3b-04227ad8c4fa
5c93d574-e8f4-4f27-ba77-57bf20cedfef,596419b1-5269-40ab-89de-8683924307e9
5c93d574-e8f4-4f27-ba77-57bf20cedfef,8086ad73-2318-4395-b9b9-fd8b094a9ce6
5c93d574-e8f4-4f27-ba77-57bf20cedfef,835e19c0-7f49-4d19-b004-fd7a231a0e43
86748318-9dcb-4c44-a219-e3f16cd0d024,93778143-91c4-4c32-9e3d-12a2220e4aed
86748318-9dcb-4c44-a219-e3f16cd0d024,f5e03db0-8c39-4809-bec9-26ab3dc7df92
86748318-9dcb-4c44-a219-e3f16cd0d024,94f21f60-c3ea-4ff4-a571-c28721902c9e
86748318-9dcb-4c44-a219-e3f16cd0d024,22ae2388-6b70-4426-b105-b1b5fae5a910
86748318-9dcb-4c44-a219-e3f16cd0d024,6d128833-ef8b-4bfd-ae8a-690cfc9edb4d
86748318-9dcb-4c44-a219-e3f16cd0d024,c2c2cc21-801d-4063-88a5-dc12a6b09e7d
21ad1693-d359-4252-9ef2-169794738032,9a41f643-bd8a-4459-ba87-fa55460ff0e8
21ad1693-d359-4252-9ef2-169794738032,2dcce150-f53c-423f-bc7f-8bd55aa67e2d
21ad1693-d359-4252-9ef2-169794738032,7519437c-e741-4ee6-8d2e-86972a6ba169
21ad1693-d359-4252-9ef2-169794738032,56475da4-d105-4401-bb63-d70f1d79568c
21ad1693-d359-4252-9ef2-169794738032,cd1f5a18-cb34-4b97-b4b5-55d6a6f59feb
21ad1693-d359-4252-9ef2-169794738032,82806955-136c-4d66-ab37-5ff7cc8c5f91
e0c4e9f5-9fdf-4dad-8284-3dbbf0906258,c6a0973b-61c5-4497-adcf-ab8f24585ef7
e0c4e9f5-9fdf-4dad-8284-3dbbf0906258,ac5c33a3-39c6-4814-b313-2a392b20fc29
e0c4e9f5-9fdf-4dad-8284-3dbbf0906258,06eea30f-b0e9-43ae-a545-29406da0106a
e0c4e9f5-9fdf-4dad-8284-3dbbf0906258,94f21f60-c3ea-4ff4-a571-c28721902c9e
e0c4e9f5-9fdf-4dad-8284-3dbbf0906258,55c5e3a2-cd61-4eff-8e9d-a062df018c3c
520333b8-8b50-416b-a06c-5b4f99b42b7c,b62619a9-dc83-4ff0-8bd6-002c21080e20
520333b8-8b50-416b-a06c-5b4f99b42b7c,a0adf04b-145f-444f-92ac-8d6d589f6daf
520333b8-8b50-416b-a06c-5b4f99b42b7c,ac5c33a3-39c6-4814-b313-2a392b20fc29
520333b8-8b50-416b-a06c-5b4f99b42b7c,8c1f76aa-915d-4343-bf3f-ddc89591aa69
520333b8-8b50-416b-a06c-5b4f99b42b7c,22ae2388-6b70-4426-b105-b1b5fae5a910
520333b8-8b50-416b-a06c-5b4f99b42b7c,2681819c-790a-4ba1-9ed0-a9201532f499
637c55df-950c-4058-841c-cf205901872e,2410c808-64bc-4794-9994-01b89bbe29bc
637c55df-950c-4058-841c-cf205901872e,213f9c00-e012-460e-8b5f-9fecda7e6cc9
637c55df-950c-4058-841c-cf205901872e,d9596ec4-0f8b-4f7b-84b5-3c9b29db8f28
637c55df-950c-4058-841c-cf205901872e,3736b7ea-1966-411f-8a96-b3537ff4ea71
4dcadd3f-bc07-42ad-ada6-984f8a04e66a,b54d4c5a-e42b-42d2-b80e-355635dfed8b
4dcadd3f-bc07-42ad-ada6-984f8a04e66a,4e92bf4e-4589-430b-bd7a-17a940bd435e
4dcadd3f-bc07-42ad-ada6-984f8a04e66a,a2ccc039-9c1b-4f3d-bc9e-b1ebfee27545
4dcadd3f-bc07-42ad-ada6-984f8a04e66a,c2c2cc21-801d-4063-88a5-dc12a6b09e7d
4dcadd3f-bc07-42ad-ada6-984f8a04e66a,644b5ae7-bb99-4ec2-b530-65e032829eaf
f4176443-956d-40c3-b4bf-5cd56fabf864,44f7367b-8a8f-42c8-b65f-02d8c9938279
f4176443-956d-40c3-b4bf-5cd56fabf864,e3b03ee8-e170-4a8b-b81f-58dfd268e8af
f4176443-956d-40c3-b4bf-5cd56fabf864,b2342b43-b67e-456e-b1a4-f5272d4d7f01
f4176443-956d-40c3-b4bf-5cd56fabf864,1f0fe243-72c2-49ae-be45-2e246dcb41cf
f4176443-956d-40c3-b4bf-5cd56fabf864,30bbafb0-773f-4499-b56b-bf7262baa535
6fbc8e53-59bf-48da-950b-71e34b5fc4df,1f0fe243-72c2-49ae-be45-2e246dcb41cf
6fbc8e53-59bf-48da-950b-71e34b5fc4df,80dde90c-8294-44e3-b114-36243b89dc06
6fbc8e53-59bf-48da-950b-71e34b5fc4df,11a5bdad-34c4-43f3-b51d-a2a0ac062775
b74c2761-6863-4f4c-b847-bef8273a8bd3,ffcf74ce-aa64-405d-8beb-a4b24554980c
b74c2761-6863-4f4c-b847-bef8273a8bd3,66ea9290-9464-476a-99d5-2d32ec123150
b74c2761-6863-4f4c-b847-bef8273a8bd3,5db500d1-bbe6-4928-b336-374bcde7a406
8cb8eabb-45dc-4e48-8b8a-93941dbcab4a,9d6dc40a-df43-479e-b3f2-1e7386a1c94c
8cb8eabb-45dc-4e48-8b8a-93941dbcab4a,bab272f5-f93c-4a6f-8da8-e1f2cd3ab3c3
8cb8eabb-45dc-4e48-8b8a-93941dbcab4a,0329a562-2a4e-4ac2-8941-e9e976ae90e9
69f7cdf1-a85a-4bb0-bacf-46667095e551,8b7cd39e-0243-4232-8c84-2c5c474c09c0
69f7cdf1-a85a-4bb0-bacf-46667095e551,9860c8c0-2a84-4956-95ea-c47ff01a6104
69f7cdf1-a85a-4bb0-bacf-46667095e551,5868e43e-509c-45f0-89b7-ba83765294a5
b16deba0-d708-4495-9178-6fc3122b2ab4,db6ced48-35a8-47f4-a4d4-d089acc05a18
b16deba0-d708-4495-9178-6fc3122b2ab4,2f1eceec-96d5-475a-9db3-1371454f5927
b16deba0-d708-4495-9178-6fc3122b2ab4,c518df1d-2768-4c6f-8259-07bc54867254
b16deba0-d708-4495-9178-6fc3122b2ab4,b2342b43-b67e-456e-b1a4-f5272d4d7f01
e0204f0c-d300-4fe2-a329-c342b14a43ff,6363e564-0489-4c21-b20b-293e3b2a1cd9
e0204f0c-d300-4fe2-a329-c342b14a43ff,9a915edc-fba2-4f02-a0f2-d0eaabb003ee
e0204f0c-d300-4fe2-a329-c342b14a43ff,08518f67-c25e-4fbe-9511-51d3294cde3f
a72ca2bd-fe44-4869-ab1a-e265729366f4,78ba7c49-435e-465e-8021-78da6619cc5b
a72ca2bd-fe44-4869-ab1a-e265729366f4,5c165f59-bd03-446b-ac80-69984945f5d9
a72ca2bd-fe44-4869-ab1a-e265729366f4,21ecb21d-f73a-44ab-9105-b3cb2bf29164
ff3db769-762d-40ee-9a76-07d753ee1687,0f332e0b-571f-428a-8117-c982e36a3e6d
ff3db769-762d-40ee-9a76-07d753ee1687,dbf3cf70-78c7-4c0b-9ee4-96078d547c46
ff3db769-762d-40ee-9a76-07d753ee1687,ccc7e881-a546-4011-b41d-9af3613b0395
a7b6e81d-f1ef-4488-83a9-fc588ff7b8ff,93b82090-f9e8-4a5e-829f-d10a9963cd1a
a7b6e81d-f1ef-4488-83a9-fc588ff7b8ff,f6cba2e2-ad44-4685-8678-02063c044499
a7b6e81d-f1ef-4488-83a9-fc588ff7b8ff,049b508c-addb-4613-8c9a-c5b0a319969b
a7b6e81d-f1ef-4488-83a9-fc588ff7b8ff,d0c68eef-2101-402c-8af2-c8b265f20986
a7b6e81d-f1ef-4488-83a9-fc588ff7b8ff,da8f93f3-b2aa-4b61-9e64-dbefc5d710b4
a7b6e81d-f1ef-4488-83a9-fc588ff7b8ff,ea61dab2-1c5c-4c95-a93d-1385846cc549
d559f135-1395-4f4f-b617-a822905b890e,fc4c1916-ad6e-469e-8f15-1e2a98170a3f
d559f135-1395-4f4f-b617-a822905b890e,ffbe657d-3977-43a2-bca6-c165d7fea5de
d559f135-1395-4f4f-b617-a822905b890e,34ccd12b-381d-4f22-a882-3a4887b4b860
d559f135-1395-4f4f-b617-a822905b890e,08518f67-c25e-4fbe-9511-51d3294cde3f
d559f135-1395-4f4f-b617-a822905b890e,e789cbd2-abc5-41a2-bf56-3a5ea276dd24
b00d9f41-e474-489a-b754-23e841a14f99,250cc56d-9891-479e-931f-1bc383cb229c
b00d9f41-e474-489a-b754-23e841a14f99,bbffed1b-af70-43c1-9494-8ac8635d98cf
b00d9f41-e474-489a-b754-23e841a14f99,ec354951-600d-436d-aa7b-ce27e595ec72
b00d9f41-e474-489a-b754-23e841a14f99,ed0ceda7-40e8-42c4-b244-009f8ea9df43
b00d9f41-e474-489a-b754-23e841a14f99,301bca0e-b1b6-4294-bc88-aa15e01bb01f
b00d9f41-e474-489a-b754-23e841a14f99,8ca10314-2367-4396-81f5-97fc65964430
60dc0738-8a6f-48a1-bb78-d60ad83d1634,0607ded6-c6c3-4e2b-b8b4-628d08ee316b
60dc0738-8a6f-48a1-bb78-d60ad83d1634,36a9be1e-89b2-458d-9f97-fba949f82339
60dc0738-8a6f-48a1-bb78-d60ad83d1634,c9dae9fc-231c-4456-beec-0112a939713a
60dc0738-8a6f-48a1-bb78-d60ad83d1634,6a49daf3-c88c-4a86-8c08-a0ff8aee1641
60dc0738-8a6f-48a1-bb78-d60ad83d1634,c0dcd6df-64c7-46ff-ba95-15c06a36de8c
f28fb006-817d-415d-9c1c-39a1730a949f,08518f67-c25e-4fbe-9511-51d3294cde3f
f28fb006-817d-415d-9c1c-39a1730a949f,8a0fd9bc-df4c-42eb-93f9-033d067febb1
f28fb006-817d-415d-9c1c-39a1730a949f,b02898b0-9d59-41bc-a1b3-0df484e1a434
f28fb006-817d-415d-9c1c-39a1730a949f,2eeafc3c-86fb-4d0d-817d-6d8c590f04c6
f4a53121-1fb5-47e7-b208-91e477153e87,50c01ef0-d84c-4505-96a2-f87dd3861de6
f4a53121-1fb5-47e7-b208-91e477153e87,b5e23ac2-f95a-4a1b-be6a-6a2913a431ca
f4a53121-1fb5-47e7-b208-91e477153e87,301bca0e-b1b6-4294-bc88-aa15e01bb01f
f4a53121-1fb5-47e7-b208-91e477153e87,82806955-136c-4d66-ab37-5ff7cc8c5f91
f4a53121-1fb5-47e7-b208-91e477153e87,8c1f76aa-915d-4343-bf3f-ddc89591aa69
f4a53121-1fb5-47e7-b208-91e477153e87,f6cba2e2-ad44-4685-8678-02063c044499
ef09676d-29f8-4383-a448-22eedc788ed6,c030dcb8-de51-41fb-965c-b920ae1a979b
ef09676d-29f8-4383-a448-22eedc788ed6,c9dae9fc-231c-4456-beec-0112a939713a
ef09676d-29f8-4383-a448-22eedc788ed6,1fc302db-1ddd-4d70-b812-29e9e689e871
ef09676d-29f8-4383-a448-22eedc788ed6,131fee31-af20-4ca2-b52a-91cd2d42fc88
f61b0c9d-476e-4681-9bc7-2c2dbde53ee6,b5f3170c-42cc-404c-8421-b4a55b480ef5
f61b0c9d-476e-4681-9bc7-2c2dbde53ee6,3c463004-4ebe-4cb1-a441-68e48a0bdc68
f61b0c9d-476e-4681-9bc7-2c2dbde53ee6,07ad2f8a-2bdf-410b-892c-5b885cbf747b
fb9ce577-c68b-4997-9e1c-fe13fd512547,1d56a7f4-94a2-4b7e-9fc2-1365205a85d3
fb9ce577-c68b-4997-9e1c-fe13fd512547,a4b5ae47-b23a-4cf8-a170-1159a9a61924
fb9ce577-c68b-4997-9e1c-fe13fd512547,a2ccc039-9c1b-4f3d-bc9e-b1ebfee27545
fb9ce577-c68b-4997-9e1c-fe13fd512547,05c01272-9aa4-4764-be49-3cfdfdaee4ef
3108f693-f883-4d03-b454-e3628cae1d91,423235f5-56ea-422c-bdd9-c14545316ccb
3108f693-f883-4d03-b454-e3628cae1d91,850934de-de72-4ae9-a7d3-c4865758a1d4
3108f693-f883-4d03-b454-e3628cae1d91,5be86b3e-125d-4cca-94a4-8d59ff94024a
3108f693-f883-4d03-b454-e3628cae1d91,dd9f46bd-74dd-472c-8fd0-a91eed3637e0
ae738239-f633-4389-a165-efc83c6ee457,55c5e3a2-cd61-4eff-8e9d-a062df018c3c
ae738239-f633-4389-a165-efc83c6ee457,014b34b5-bb26-4dc6-8fa2-02dd087c7085
ae738239-f633-4389-a165-efc83c6ee457,9ace43e6-95d9-4581-a33e-2fdd408a7319
d1fd2f4a-fa05-4c1f-8622-daf73fd451df,eeb7a00d-d4f8-4d72-a0c8-36e31699bdd2
d1fd2f4a-fa05-4c1f-8622-daf73fd451df,bab272f5-f93c-4a6f-8da8-e1f2cd3ab3c3
d1fd2f4a-fa05-4c1f-8622-daf73fd451df,6a1f8295-8c23-4860-a1ae-da96a0a275cb
d1fd2f4a-fa05-4c1f-8622-daf73fd451df,178c8c2a-c051-4a95-beb6-d262637772e4
d1fd2f4a-fa05-4c1f-8622-daf73fd451df,f5e03db0-8c39-4809-bec9-26ab3dc7df92
b392c635-e668-4d38-aae9-4dda9dba1271,2a52781b-6490-4121-9614-60fb8c853897
b392c635-e668-4d38-aae9-4dda9dba1271,7665907d-0fa3-4f09-b46c-70932ceba535
b392c635-e668-4d38-aae9-4dda9dba1271,c9dae9fc-231c-4456-beec-0112a939713a
b392c635-e668-4d38-aae9-4dda9dba1271,1d56a7f4-94a2-4b7e-9fc2-1365205a85d3
b392c635-e668-4d38-aae9-4dda9dba1271,bd0cae99-5ecd-4079-8ff9-14b5aea0187e
228f802c-f9e3-49c3-b997-1abef5a345d0,bb599fd6-f406-4fa5-939a-99c1da41d59b
228f802c-f9e3-49c3-b997-1abef5a345d0,049b508c-addb-4613-8c9a-c5b0a319969b
228f802c-f9e3-49c3-b997-1abef5a345d0,d6bf8387-7545-4e2f-8203-46bb9aa1f371
228f802c-f9e3-49c3-b997-1abef5a345d0,c6a0973b-61c5-4497-adcf-ab8f24585ef7
228f802c-f9e3-49c3-b997-1abef5a345d0,99ef0a31-9038-412f-a07c-10ab3d044959
6a2d8d74-f594-4a0e-8f44-c0190992c5ad,6e78747a-8af6-454f-a725-50038b581323
6a2d8d74-f594-4a0e-8f44-c0190992c5ad,b4a20c1f-7645-4d0e-90b6-8f76616aa345
6a2d8d74-f594-4a0e-8f44-c0190992c5ad,b0cf3341-3afc-4b73-ab8d-5422c0c90345
6a2d8d74-f594-4a0e-8f44-c0190992c5ad,af27bec7-8321-4446-b9a6-d4653724b493
6a2d8d74-f594-4a0e-8f44-c0190992c5ad,732aa37c-0b06-41c7-a0e2-69845407a066
6a2d8d74-f594-4a0e-8f44-c0190992c5ad,50c01ef0-d84c-4505-96a2-f87dd3861de6
23dc4f72-34db-4a9f-8fed-c47690c72335,ac5c33a3-39c6-4814-b313-2a392b20fc29
23dc4f72-34db-4a9f-8fed-c47690c72335,44f7367b-8a8f-42c8-b65f-02d8c9938279
23dc4f72-34db-4a9f-8fed-c47690c72335,3dc40462-a7b1-47f9-9ed2-699318dff677
23dc4f72-34db-4a9f-8fed-c47690c72335,20436a5d-0f48-41ae-bc9e-5127b691a39f
23dc4f72-34db-4a9f-8fed-c47690c72335,e789cbd2-abc5-41a2-bf56-3a5ea276dd24
2857490e-4e5b-4687-b5cd-ae392fe107c1,0e088426-96ef-4eb0-88d8-2cb6ae0fd1d6
2857490e-4e5b-4687-b5cd-ae392fe107c1,06eea30f-b0e9-43ae-a545-29406da0106a
2857490e-4e5b-4687-b5cd-ae392fe107c1,7508de66-671e-44b5-8e9b-e24d69258d93
2857490e-4e5b-4687-b5cd-ae392fe107c1,1dd545c4-5369-4cb8-ac55-c92e7c0586a7
2857490e-4e5b-4687-b5cd-ae392fe107c1,ba4217e1-000f-48d4-9dc8-c2ef3d879e7e
2857490e-4e5b-4687-b5cd-ae392fe107c1,d514b9d1-ea1f-442d-a0ae-35d50a84c66a
e9181bf3-30db-480f-976f-ef44fb1a4690,9a41f643-bd8a-4459-ba87-fa55460ff0e8
e9181bf3-30db-480f-976f-ef44fb1a4690,b62619a9-dc83-4ff0-8bd6-002c21080e20
e9181bf3-30db-480f-976f-ef44fb1a4690,1f0fe243-72c2-49ae-be45-2e246dcb41cf
0cdbcac5-5a94-4340-bf6a-946539f325a6,7c62b8b9-7225-4965-80f9-5b0aaa3e5fc6
0cdbcac5-5a94-4340-bf6a-946539f325a6,80679ccd-66e8-4495-9025-3e7b06249328
0cdbcac5-5a94-4340-bf6a-946539f325a6,bbb340ea-33d1-45b2-8673-083f6e5114e9
0cdbcac5-5a94-4340-bf6a-946539f325a6,a89bcbbf-3d58-4eab-ab25-4d2f4ffd8e83
0cdbcac5-5a94-4340-bf6a-946539f325a6,e8dd1e3e-ad23-451a-81c9-026c21000826
0cdbcac5-5a94-4340-bf6a-946539f325a6,d5e260cd-8306-469c-ab1e-5c2111ef81fe
a53e106c-0646-443d-9396-0476a4915e77,d6bf8387-7545-4e2f-8203-46bb9aa1f371
a53e106c-0646-443d-9396-0476a4915e77,07ad2f8a-2bdf-410b-892c-5b885cbf747b
a53e106c-0646-443d-9396-0476a4915e77,bbffed1b-af70-43c1-9494-8ac8635d98cf
a53e106c-0646-443d-9396-0476a4915e77,69feb75d-d72d-414b-bed6-0e0530e8940e
1e898d8c-306f-44d5-9d6c-64f2b1c6970e,6588990c-865f-4846-9f6a-5fd754fb4521
1e898d8c-306f-44d5-9d6c-64f2b1c6970e,850934de-de72-4ae9-a7d3-c4865758a1d4
1e898d8c-306f-44d5-9d6c-64f2b1c6970e,31d5d08f-33af-4e26-91bc-55b890c6adb1
1e898d8c-306f-44d5-9d6c-64f2b1c6970e,05c01272-9aa4-4764-be49-3cfdfdaee4ef
34f334cd-5eae-461a-a53f-40d526ec8796,5fbca32f-8d65-4252-a7c3-7dc59590d81a
34f334cd-5eae-461a-a53f-40d526ec8796,acb474c9-8727-4805-bfcb-61749a956687
34f334cd-5eae-461a-a53f-40d526ec8796,af27bec7-8321-4446-b9a6-d4653724b493
14461e61-bd08-4c3f-b4c5-b80d6432e636,5563de5a-6cca-4d40-a5bc-b8deaac030c1
14461e61-bd08-4c3f-b4c5-b80d6432e636,93778143-91c4-4c32-9e3d-12a2220e4aed
14461e61-bd08-4c3f-b4c5-b80d6432e636,469da8cf-7bc1-41fa-824d-1dada092bd03
eaeb32ab-8e2b-491c-b350-5c3b4513dad6,1f7008d7-334f-45ec-9b9b-12fbf59d691d
eaeb32ab-8e2b-491c-b350-5c3b4513dad6,566596de-de4f-4b0b-b1af-e5f9de011351
eaeb32ab-8e2b-491c-b350-5c3b4513dad6,11a5bdad-34c4-43f3-b51d-a2a0ac062775
118425e5-8d1d-441d-98c3-412c2fe0a417,7c056b79-7d97-4ca3-a12b-a695472ec0f1
118425e5-8d1d-441d-98c3-412c2fe0a417,301bca0e-b1b6-4294-bc88-aa15e01bb01f
118425e5-8d1d-441d-98c3-412c2fe0a417,bbe03ea3-8a8e-4761-89ac-50b64f4e6a66
118425e5-8d1d-441d-98c3-412c2fe0a417,2eeafc3c-86fb-4d0d-817d-6d8c590f04c6
118425e5-8d1d-441d-98c3-412c2fe0a417,c660eb4d-cf03-4c12-917e-35d003571ded
04572e11-0d28-4475-84f0-5148c8937384,948662ce-1854-4f21-9d57-289e292071e6
04572e11-0d28-4475-84f0-5148c8937384,d5224a88-0a4e-4e36-8003-20163d22c017
04572e11-0d28-4475-84f0-5148c8937384,84749596-1b70-4f32-aad0-ae76f88e7cb7
04572e11-0d28-4475-84f0-5148c8937384,47a01c88-f547-4447-9d54-6f74a98bff1f
0dd664ed-dd15-45e0-a3e3-e37a6d0134a7,d9596ec4-0f8b-4f7b-84b5-3c9b29db8f28
0dd664ed-dd15-45e0-a3e3-e37a6d0134a7,61ab0ac2-de77-4f95-90fc-5a64dc2a4776
0dd664ed-dd15-45e0-a3e3-e37a6d0134a7,442635cd-8f6f-40ea-a562-2995c20fa9ae
0dd664ed-dd15-45e0-a3e3-e37a6d0134a7,2626ded0-bcef-4584-a44a-5f5f0a6d2c31
0dd664ed-dd15-45e0-a3e3-e37a6d0134a7,fc4c1916-ad6e-469e-8f15-1e2a98170a3f
51262440-1492-45bc-951c-ce22553f755b,9a915edc-fba2-4f02-a0f2-d0eaabb003ee
51262440-1492-45bc-951c-ce22553f755b,c0dcd6df-64c7-46ff-ba95-15c06a36de8c
51262440-1492-45bc-951c-ce22553f755b,7fec3a15-6aa5-4f7b-922a-d22fd62f566f
51262440-1492-45bc-951c-ce22553f755b,c98a48b4-8368-449b-8c37-7d7e5bf5abff
51262440-1492-45bc-951c-ce22553f755b,f4dd1d23-e5d4-4627-89a3-05c923ada719
e95b76a3-d783-41bf-9e81-1c1eba9d2ff4,b3ec8328-8003-4af8-99b5-7fd1912be5d5
e95b76a3-d783-41bf-9e81-1c1eba9d2ff4,198c01ea-8891-4720-bd07-263217c53f56
e95b76a3-d783-41bf-9e81-1c1eba9d2ff4,11acbe7a-925d-45e2-a480-2bd74a73fb3f
e95b76a3-d783-41bf-9e81-1c1eba9d2ff4,ad41cb58-7de1-483d-94a5-3bad116810c2
e95b76a3-d783-41bf-9e81-1c1eba9d2ff4,e3b03ee8-e170-4a8b-b81f-58dfd268e8af
5270719b-a2dc-4d53-91d0-d2e3f62658da,d5e260cd-8306-469c-ab1e-5c2111ef81fe
5270719b-a2dc-4d53-91d0-d2e3f62658da,2dcce150-f53c-423f-bc7f-8bd55aa67e2d
5270719b-a2dc-4d53-91d0-d2e3f62658da,ee51bfd7-4afb-4548-9501-ae39cca1ea7f
63cdddb6-09e9-4d23-9f03-ae7a6337259e,c80ccbaa-0865-459e-8356-de5bc82c9b78
63cdddb6-09e9-4d23-9f03-ae7a6337259e,c30ee9d3-4421-4a88-b6b8-47a59fcc13cd
63cdddb6-09e9-4d23-9f03-ae7a6337259e,6363e564-0489-4c21-b20b-293e3b2a1cd9
63cdddb6-09e9-4d23-9f03-ae7a6337259e,423235f5-56ea-422c-bdd9-c14545316ccb
63cdddb6-09e9-4d23-9f03-ae7a6337259e,0894b7fb-ff75-4912-a256-535fc52512ef
3970d542-f4d3-478d-ba07-ba3d6831632a,ad02917d-2c7b-4092-b20d-35309b5b6d94
3970d542-f4d3-478d-ba07-ba3d6831632a,66cf8c72-360b-4bbb-9f83-3757569eef06
3970d542-f4d3-478d-ba07-ba3d6831632a,883faa41-bcd7-487d-a1f3-200a3753d7ba
3970d542-f4d3-478d-ba07-ba3d6831632a,b986afa1-6464-4988-848d-7b945dbc4ed9
3970d542-f4d3-478d-ba07-ba3d6831632a,61ab0ac2-de77-4f95-90fc-5a64dc2a4776
ffb6e54f-76fa-4be5-948d-48a06ce6620d,8ca10314-2367-4396-81f5-97fc65964430
ffb6e54f-76fa-4be5-948d-48a06ce6620d,0e088426-96ef-4eb0-88d8-2cb6ae0fd1d6
ffb6e54f-76fa-4be5-948d-48a06ce6620d,487d1219-5c4e-4976-bb3d-c6caf8811cde
ffb6e54f-76fa-4be5-948d-48a06ce6620d,7c056b79-7d97-4ca3-a12b-a695472ec0f1
6142ef68-245a-4f47-bb47-5ca50d56fccc,be3cfa09-717f-47b5-9281-603c2eb646b5
6142ef68-245a-4f47-bb47-5ca50d56fccc,78a17e4c-0404-4d84-b2fc-e86dd877f221
6142ef68-245a-4f47-bb47-5ca50d56fccc,50c01ef0-d84c-4505-96a2-f87dd3861de6
6142ef68-245a-4f47-bb47-5ca50d56fccc,b62619a9-dc83-4ff0-8bd6-002c21080e20
6142ef68-245a-4f47-bb47-5ca50d56fccc,d5224a88-0a4e-4e36-8003-20163d22c017
16ffa750-794a-4a59-8e07-72eb32da992b,78ba7c49-435e-465e-8021-78da6619cc5b
16ffa750-794a-4a59-8e07-72eb32da992b,22ae2388-6b70-4426-b105-b1b5fae5a910
16ffa750-794a-4a59-8e07-72eb32da992b,bb599fd6-f406-4fa5-939a-99c1da41d59b
16ffa750-794a-4a59-8e07-72eb32da992b,1d56a7f4-94a2-4b7e-9fc2-1365205a85d3
16ffa750-794a-4a59-8e07-72eb32da992b,94ae6e70-f68f-45ba-a5b4-6c43ae088080
16ffa750-794a-4a59-8e07-72eb32da992b,ea4aff5b-1704-48bf-b69c-4330f601c430
df1b20dd-d161-4fff-9c1e-04ec9075b36d,1e12e895-a747-4e89-9058-c73d8afe0ed9
df1b20dd-d161-4fff-9c1e-04ec9075b36d,4fe012f1-1e7d-4602-8199-bec8467a59d2
df1b20dd-d161-4fff-9c1e-04ec9075b36d,732aa37c-0b06-41c7-a0e2-69845407a066
df1b20dd-d161-4fff-9c1e-04ec9075b36d,c6a0973b-61c5-4497-adcf-ab8f24585ef7
f55188ee-8890-41ec-b0b0-5bf81d6f8ae5,06aac54b-93fa-4f02-a10e-2d14dce1b62c
f55188ee-8890-41ec-b0b0-5bf81d6f8ae5,9a915edc-fba2-4f02-a0f2-d0eaabb003ee
f55188ee-8890-41ec-b0b0-5bf81d6f8ae5,acb474c9-8727-4805-bfcb-61749a956687
d68cb273-e1fe-4083-a81e-2c9c3b018f43,bbb340ea-33d1-45b2-8673-083f6e5114e9
d68cb273-e1fe-4083-a81e-2c9c3b018f43,93b82090-f9e8-4a5e-829f-d10a9963cd1a
d68cb273-e1fe-4083-a81e-2c9c3b018f43,94f21f60-c3ea-4ff4-a571-c28721902c9e
d68cb273-e1fe-4083-a81e-2c9c3b018f43,c0dcd6df-64c7-46ff-ba95-15c06a36de8c
667e63f7-6391-4850-ba6a-fc29860de9cd,860b037b-9785-44c6-a08a-fd5dae3cb646
667e63f7-6391-4850-ba6a-fc29860de9cd,db6ced48-35a8-47f4-a4d4-d089acc05a18
667e63f7-6391-4850-ba6a-fc29860de9cd,f4dd1d23-e5d4-4627-89a3-05c923ada719
667e63f7-6391-4850-ba6a-fc29860de9cd,a2ccc039-9c1b-4f3d-bc9e-b1ebfee27545
46a53fe7-0f3d-4233-ad2f-bdb5c29f052b,948662ce-1854-4f21-9d57-289e292071e6
46a53fe7-0f3d-4233-ad2f-bdb5c29f052b,87fbf45b-cc3d-4c0b-ab39-a14abcf4f5a2
46a53fe7-0f3d-4233-ad2f-bdb5c29f052b,948d631d-cf88-459e-9e37-0f63122154d4
46a53fe7-0f3d-4233-ad2f-bdb5c29f052b,b65167b8-38e2-4dcc-80ce-7fd8a7ce6b49
46a53fe7-0f3d-4233-ad2f-bdb5c29f052b,9ace43e6-95d9-4581-a33e-2fdd408a7319
2d829ef6-bae0-4dbb-bc7b-cce9a6eb49e1,acb474c9-8727-4805-bfcb-61749a956687
2d829ef6-bae0-4dbb-bc7b-cce9a6eb49e1,283a3202-ad61-43e9-a46b-f74ee8aeef2c
2d829ef6-bae0-4dbb-bc7b-cce9a6eb49e1,d3609d65-3def-49b7-8384-d9cca9b6cbe7
2d829ef6-bae0-4dbb-bc7b-cce9a6eb49e1,05ff4250-8763-4c20-aff0-007fa63194c7
2d829ef6-bae0-4dbb-bc7b-cce9a6eb49e1,2a52781b-6490-4121-9614-60fb8c853897
2d829ef6-bae0-4dbb-bc7b-cce9a6eb49e1,07adf32d-981c-4a29-afca-5bd7c6f624db
cf4b46a1-f197-4f92-ba2a-54ec1c0896cb,469da8cf-7bc1-41fa-824d-1dada092bd03
cf4b46a1-f197-4f92-ba2a-54ec1c0896cb,c0e6164c-cc2b-4a4e-b4fd-d542f21479e0
cf4b46a1-f197-4f92-ba2a-54ec1c0896cb,b249a6e0-2a98-406d-b48a-7a25f8befa2f
cf4b46a1-f197-4f92-ba2a-54ec1c0896cb,7f5abeef-eeb8-4e8b-b501-45350f8cef29
75c45104-e772-4ee9-9166-e325d7ba8326,e8dd1e3e-ad23-451a-81c9-026c21000826
75c45104-e772-4ee9-9166-e325d7ba8326,d911f1e7-8ea9-441c-96a3-4f0346aece49
75c45104-e772-4ee9-9166-e325d7ba8326,378d79f1-b096-462b-b755-e233eff53f76
75c45104-e772-4ee9-9166-e325d7ba8326,d468436d-5680-448c-89a9-30b54dc4958e
e646469e-29a6-4258-a7ab-5f23b3211895,b65167b8-38e2-4dcc-80ce-7fd8a7ce6b49
e646469e-29a6-4258-a7ab-5f23b3211895,73099301-fb41-4dec-92c3-8d884b063a16
e646469e-29a6-4258-a7ab-5f23b3211895,07adf32d-981c-4a29-afca-5bd7c6f624db
5772c3cb-9418-4791-9f19-499d99237d53,54d0282b-bfe3-409b-a8cc-a3eda1f08bda
5772c3cb-9418-4791-9f19-499d99237d53,f5e03db0-8c39-4809-bec9-26ab3dc7df92
5772c3cb-9418-4791-9f19-499d99237d53,82806955-136c-4d66-ab37-5ff7cc8c5f91
07e47789-4547-4848-b49e-c2ff373a2b56,fc4c1916-ad6e-469e-8f15-1e2a98170a3f
07e47789-4547-4848-b49e-c2ff373a2b56,b5e23ac2-f95a-4a1b-be6a-6a2913a431ca
07e47789-4547-4848-b49e-c2ff373a2b56,5563de5a-6cca-4d40-a5bc-b8deaac030c1
07e47789-4547-4848-b49e-c2ff373a2b56,28bd15bf-3fcc-4812-bd4b-13ee09c986a3
07e47789-4547-4848-b49e-c2ff373a2b56,94f21f60-c3ea-4ff4-a571-c28721902c9e
07e47789-4547-4848-b49e-c2ff373a2b56,535774b1-b252-423f-99b5-d36fbf98d028
61767abd-804e-4f08-a7d8-59bed23031f0,809422c5-2963-4d4d-a697-91424b8c98f2
61767abd-804e-4f08-a7d8-59bed23031f0,aa1cfb2b-64b4-44d9-bf2f-20d0db80e22e
61767abd-804e-4f08-a7d8-59bed23031f0,f5b347ed-5618-4524-a6c0-15915b68e09e
61767abd-804e-4f08-a7d8-59bed23031f0,5f15392d-ef0b-4796-b4ad-072f80073799
61767abd-804e-4f08-a7d8-59bed23031f0,9b7c54d1-857e-4710-b642-441d2a00c99b
6ebf862d-582d-479a-a87c-0b053763e9df,0c8dfb82-db40-4550-bb7f-f0c078d80115
6ebf862d-582d-479a-a87c-0b053763e9df,b0cf3341-3afc-4b73-ab8d-5422c0c90345
6ebf862d-582d-479a-a87c-0b053763e9df,06aac54b-93fa-4f02-a10e-2d14dce1b62c
6ebf862d-582d-479a-a87c-0b053763e9df,52d6c805-6a1a-4210-af8f-48baf2f93fbd
6ebf862d-582d-479a-a87c-0b053763e9df,d5387c77-4ed4-44ee-8d71-f2cd7ac8e6c1
6ebf862d-582d-479a-a87c-0b053763e9df,0d0e938c-8eb5-42d6-abc1-49eb77bcf6ed
4e1644e0-079b-4a8c-af28-2337ef2d9cbd,c43809df-3e8c-403c-b054-da271361c6c2
4e1644e0-079b-4a8c-af28-2337ef2d9cbd,f5b347ed-5618-4524-a6c0-15915b68e09e
4e1644e0-079b-4a8c-af28-2337ef2d9cbd,bd01479f-5074-40a5-9f90-0b339273c353
4e1644e0-079b-4a8c-af28-2337ef2d9cbd,198c01ea-8891-4720-bd07-263217c53f56
4e1644e0-079b-4a8c-af28-2337ef2d9cbd,20436a5d-0f48-41ae-bc9e-5127b691a39f
f25b0326-9e31-4dcc-bbec-e7346c77d5dd,3736b7ea-1966-411f-8a96-b3537ff4ea71
f25b0326-9e31-4dcc-bbec-e7346c77d5dd,8d5d1cc8-f3f4-4313-ae28-f6bf939dcaeb
f25b0326-9e31-4dcc-bbec-e7346c77d5dd,7665907d-0fa3-4f09-b46c-70932ceba535
f25b0326-9e31-4dcc-bbec-e7346c77d5dd,d911f1e7-8ea9-441c-96a3-4f0346aece49
f25b0326-9e31-4dcc-bbec-e7346c77d5dd,a1a39557-10ab-486a-9990-6952cecf9102
f67f1a69-dd13-4d01-8158-7a3559d000f7,f134534b-4945-459d-9325-0e7ad9e1b266
f67f1a69-dd13-4d01-8158-7a3559d000f7,d35610ac-29dd-40d8-82e9-3952178720d7
f67f1a69-dd13-4d01-8158-7a3559d000f7,535774b1-b252-423f-99b5-d36fbf98d028
f67f1a69-dd13-4d01-8158-7a3559d000f7,d0dbfb9d-50c9-4e1d-83ea-559cdacf915e
f67f1a69-dd13-4d01-8158-7a3559d000f7,5563de5a-6cca-4d40-a5bc-b8deaac030c1
a812ff80-d6f2-43ce-a4a7-57a9e2f1a247,4cde51cd-4dc8-4e25-aa38-fb2f4a98d8af
a812ff80-d6f2-43ce-a4a7-57a9e2f1a247,9b7c54d1-857e-4710-b642-441d2a00c99b
a812ff80-d6f2-43ce-a4a7-57a9e2f1a247,732aa37c-0b06-41c7-a0e2-69845407a066
a812ff80-d6f2-43ce-a4a7-57a9e2f1a247,294e54fe-1698-4eb2-814b-acc5d7286f9c
a812ff80-d6f2-43ce-a4a7-57a9e2f1a247,7d584827-87f1-43e1-9663-2fc8e0574d87
a7d07bfa-c15d-4942-b8cc-0329bceb72c6,c731e193-f45a-41c8-945a-1b19cdf43eec
a7d07bfa-c15d-4942-b8cc-0329bceb72c6,2626ded0-bcef-4584-a44a-5f5f0a6d2c31
a7d07bfa-c15d-4942-b8cc-0329bceb72c6,543eecc0-e39f-41ad-82de-6c3fb6c6a2b4
112913d7-830d-473f-b101-6f25a258f921,f7af2433-23e3-4f09-86bc-02f4ee195a1a
112913d7-830d-473f-b101-6f25a258f921,7eaef6d3-8cde-4bc7-aafe-e8304e2de26d
112913d7-830d-473f-b101-6f25a258f921,f518bba4-2534-49fc-9334-fc160a7d5288
112913d7-830d-473f-b101-6f25a258f921,f134534b-4945-459d-9325-0e7ad9e1b266
a0aceabc-27fd-4b2f-b1ff-a855355d3a09,6d128833-ef8b-4bfd-ae8a-690cfc9edb4d
a0aceabc-27fd-4b2f-b1ff-a855355d3a09,775acaac-4a18-42f4-9606-dd45bae1f6e4
a0aceabc-27fd-4b2f-b1ff-a855355d3a09,7c056b79-7d97-4ca3-a12b-a695472ec0f1
254ac555-38e5-4dc5-b8bb-c39eaa02f064,9264ccce-70fa-431a-8b2d-32d7c69d400b
254ac555-38e5-4dc5-b8bb-c39eaa02f064,54f1dcc4-a680-4fa9-b957-0b54b0526bd6
254ac555-38e5-4dc5-b8bb-c39eaa02f064,6c080bbe-6366-475b-b6f1-efb3faae7e97
49851bc9-7f95-404c-b83a-f2d68c500815,c9dae9fc-231c-4456-beec-0112a939713a
49851bc9-7f95-404c-b83a-f2d68c500815,8aa0b378-fbc1-4806-a17c-843232667204
49851bc9-7f95-404c-b83a-f2d68c500815,0329a562-2a4e-4ac2-8941-e9e976ae90e9
30faa8a3-249b-486e-971f-afa11e2e4e19,971777cd-5be9-4e4e-adf0-a300701337eb
30faa8a3-249b-486e-971f-afa11e2e4e19,e2cb0bb3-63ac-48a4-b984-0d761dab34d7
30faa8a3-249b-486e-971f-afa11e2e4e19,9ace43e6-95d9-4581-a33e-2fdd408a7319
30faa8a3-249b-486e-971f-afa11e2e4e19,d3609d65-3def-49b7-8384-d9cca9b6cbe7
30faa8a3-249b-486e-971f-afa11e2e4e19,d0c68eef-2101-402c-8af2-c8b265f20986
5c763207-2f24-428f-ace2-4ba5db39feec,301bca0e-b1b6-4294-bc88-aa15e01bb01f
5c763207-2f24-428f-ace2-4ba5db39feec,1fc39d05-7440-4251-9dee-32cfb6e30aa0
5c763207-2f24-428f-ace2-4ba5db39feec,31d5d08f-33af-4e26-91bc-55b890c6adb1
5c763207-2f24-428f-ace2-4ba5db39feec,a0adf04b-145f-444f-92ac-8d6d589f6daf
5c763207-2f24-428f-ace2-4ba5db39feec,11a5bdad-34c4-43f3-b51d-a2a0ac062775
7a29dc38-55d5-42bc-a880-ecf0a0efc76a,5563de5a-6cca-4d40-a5bc-b8deaac030c1
7a29dc38-55d5-42bc-a880-ecf0a0efc76a,4cde51cd-4dc8-4e25-aa38-fb2f4a98d8af
7a29dc38-55d5-42bc-a880-ecf0a0efc76a,014b34b5-bb26-4dc6-8fa2-02dd087c7085
7a29dc38-55d5-42bc-a880-ecf0a0efc76a,a2ccc039-9c1b-4f3d-bc9e-b1ebfee27545
7a29dc38-55d5-42bc-a880-ecf0a0efc76a,c6851651-fd8e-4036-ae65-167f7d0e83c9
7a29dc38-55d5-42bc-a880-ecf0a0efc76a,669e1191-b818-422e-88c7-e0a1fa450cdb
212938c9-50d2-4de1-8a6f-a5de36f0d5e3,8c1f76aa-915d-4343-bf3f-ddc89591aa69
212938c9-50d2-4de1-8a6f-a5de36f0d5e3,11a5bdad-34c4-43f3-b51d-a2a0ac062775
212938c9-50d2-4de1-8a6f-a5de36f0d5e3,8aa0b378-fbc1-4806-a17c-843232667204
212938c9-50d2-4de1-8a6f-a5de36f0d5e3,7508de66-671e-44b5-8e9b-e24d69258d93
b41c022f-5c8b-4094-ae8c-7a41a37fcc6e,40730896-075a-425a-92a8-c420321c2060
b41c022f-5c8b-4094-ae8c-7a41a37fcc6e,c6a0973b-61c5-4497-adcf-ab8f24585ef7
b41c022f-5c8b-4094-ae8c-7a41a37fcc6e,f5d2e868-18f4-46d0-a0aa-180614ddd840
b41c022f-5c8b-4094-ae8c-7a41a37fcc6e,7cfff9c3-f95b-4c70-92a6-fab47ee82fb7
b41c022f-5c8b-4094-ae8c-7a41a37fcc6e,c2c2cc21-801d-4063-88a5-dc12a6b09e7d
b41c022f-5c8b-4094-ae8c-7a41a37fcc6e,cd1f5a18-cb34-4b97-b4b5-55d6a6f59feb
5b7760d8-653c-41b6-8664-c0daf555c190,36a9be1e-89b2-458d-9f97-fba949f82339
5b7760d8-653c-41b6-8664-c0daf555c190,9076cc70-b292-42cf-bb3f-7e4b3f36d1b9
5b7760d8-653c-41b6-8664-c0daf555c190,d5224a88-0a4e-4e36-8003-20163d22c017
5b7760d8-653c-41b6-8664-c0daf555c190,db6ced48-35a8-47f4-a4d4-d089acc05a18
5b7760d8-653c-41b6-8664-c0daf555c190,7665907d-0fa3-4f09-b46c-70932ceba535
3f5238a9-5931-438f-ab17-4e6c1d86ac55,acb474c9-8727-4805-bfcb-61749a956687
3f5238a9-5931-438f-ab17-4e6c1d86ac55,5c165f59-bd03-446b-ac80-69984945f5d9
3f5238a9-5931-438f-ab17-4e6c1d86ac55,378d79f1-b096-462b-b755-e233eff53f76
207291b8-07bf-41bb-940d-c66ce8ee7f6c,cac02c1d-5302-4be2-a43f-b90a1fdbe497
207291b8-07bf-41bb-940d-c66ce8ee7f6c,fea2dfd1-0724-4cd0-b480-710d98646c0c
207291b8-07bf-41bb-940d-c66ce8ee7f6c,50c01ef0-d84c-4505-96a2-f87dd3861de6
207291b8-07bf-41bb-940d-c66ce8ee7f6c,d0dbfb9d-50c9-4e1d-83ea-559cdacf915e
207291b8-07bf-41bb-940d-c66ce8ee7f6c,8e4576f8-d36c-45bd-bc86-a77ad6a30b30
0e2301fd-b6d9-4e31-8b1b-65d31363172d,3591abe5-6b1f-40d2-b827-00bb6fea88cd
0e2301fd-b6d9-4e31-8b1b-65d31363172d,b3ec8328-8003-4af8-99b5-7fd1912be5d5
0e2301fd-b6d9-4e31-8b1b-65d31363172d,5893debf-7fb6-4e79-a947-4a37550ebbfb
0e2301fd-b6d9-4e31-8b1b-65d31363172d,775acaac-4a18-42f4-9606-dd45bae1f6e4
dc11734c-aa22-459b-94bd-8ea6548653e1,d468436d-5680-448c-89a9-30b54dc4958e
dc11734c-aa22-459b-94bd-8ea6548653e1,a2ccc039-9c1b-4f3d-bc9e-b1ebfee27545
dc11734c-aa22-459b-94bd-8ea6548653e1,30c8b0c7-aac4-4056-b14a-cad47a8fbe7b
dc11734c-aa22-459b-94bd-8ea6548653e1,7665907d-0fa3-4f09-b46c-70932ceba535
a1e0d857-80ca-4f77-914b-0dd4f360998b,31871f93-4711-409d-ac7c-2f67564107fc
a1e0d857-80ca-4f77-914b-0dd4f360998b,850934de-de72-4ae9-a7d3-c4865758a1d4
a1e0d857-80ca-4f77-914b-0dd4f360998b,8a0fd9bc-df4c-42eb-93f9-033d067febb1
a1e0d857-80ca-4f77-914b-0dd4f360998b,b249a6e0-2a98-406d-b48a-7a25f8befa2f
966460f4-37ed-4054-a3a6-6a26e9f68575,c6a0973b-61c5-4497-adcf-ab8f24585ef7
966460f4-37ed-4054-a3a6-6a26e9f68575,560d9715-eeaf-4ec9-b665-53fb6d175214
966460f4-37ed-4054-a3a6-6a26e9f68575,250cc56d-9891-479e-931f-1bc383cb229c
966460f4-37ed-4054-a3a6-6a26e9f68575,faf2ca67-8574-48cb-8e3f-a4416b69105d
966460f4-37ed-4054-a3a6-6a26e9f68575,fea2dfd1-0724-4cd0-b480-710d98646c0c
966460f4-37ed-4054-a3a6-6a26e9f68575,2626ded0-bcef-4584-a44a-5f5f0a6d2c31
e71d3854-9d0e-4fc6-b636-18dacbfd8391,6588990c-865f-4846-9f6a-5fd754fb4521
e71d3854-9d0e-4fc6-b636-18dacbfd8391,50c01ef0-d84c-4505-96a2-f87dd3861de6
e71d3854-9d0e-4fc6-b636-18dacbfd8391,ccc7e881-a546-4011-b41d-9af3613b0395
e71d3854-9d0e-4fc6-b636-18dacbfd8391,2410c808-64bc-4794-9994-01b89bbe29bc
e71d3854-9d0e-4fc6-b636-18dacbfd8391,07ad2f8a-2bdf-410b-892c-5b885cbf747b
703ba246-22b9-48ab-a54d-8631cdb17ad3,c3bf5474-1bb4-46f0-8483-6340790b44f0
703ba246-22b9-48ab-a54d-8631cdb17ad3,55c5e3a2-cd61-4eff-8e9d-a062df018c3c
703ba246-22b9-48ab-a54d-8631cdb17ad3,54d0282b-bfe3-409b-a8cc-a3eda1f08bda
75b2be18-f456-441e-be0a-f51ebcf7042c,049b508c-addb-4613-8c9a-c5b0a319969b
75b2be18-f456-441e-be0a-f51ebcf7042c,ec354951-600d-436d-aa7b-ce27e595ec72
75b2be18-f456-441e-be0a-f51ebcf7042c,3736b7ea-1966-411f-8a96-b3537ff4ea71
75b2be18-f456-441e-be0a-f51ebcf7042c,c2c2cc21-801d-4063-88a5-dc12a6b09e7d
75b2be18-f456-441e-be0a-f51ebcf7042c,47a01c88-f547-4447-9d54-6f74a98bff1f
13e4626e-b7df-4c68-9db6-4da56540270c,469da8cf-7bc1-41fa-824d-1dada092bd03
13e4626e-b7df-4c68-9db6-4da56540270c,50c01ef0-d84c-4505-96a2-f87dd3861de6
13e4626e-b7df-4c68-9db6-4da56540270c,d5224a88-0a4e-4e36-8003-20163d22c017
13e4626e-b7df-4c68-9db6-4da56540270c,353c204c-a9da-42bb-a7be-0513ccf9531d
13e4626e-b7df-4c68-9db6-4da56540270c,5be86b3e-125d-4cca-94a4-8d59ff94024a
13e4626e-b7df-4c68-9db6-4da56540270c,3591abe5-6b1f-40d2-b827-00bb6fea88cd
3d866fba-35c1-4f86-9ac7-4ea826ff5797,ed0ceda7-40e8-42c4-b244-009f8ea9df43
3d866fba-35c1-4f86-9ac7-4ea826ff5797,669e1191-b818-422e-88c7-e0a1fa450cdb
3d866fba-35c1-4f86-9ac7-4ea826ff5797,7d584827-87f1-43e1-9663-2fc8e0574d87
3d866fba-35c1-4f86-9ac7-4ea826ff5797,42fcdcbe-ae10-4aec-afa0-e88fae44cab5
3d866fba-35c1-4f86-9ac7-4ea826ff5797,f2678152-b87d-4fd4-a45c-7b6e479e3c4d
