leverage;capital;ebitda.sales;employees;funds;income;reco;rfin;res.sales
14.566;7239.94698;10.55722958;224;84670.79487;330815.5079;25.49;40.036;8.188017823
246.293;12926.4885;10.69144813;611;24158.673;136077.42;6.471;32.09;4.420293574
25.738;120.2;8.050976651;236;17416.17369;96829.43207;11.449;27.957;3.757620102
47.105;667.5;4.255150252;94;10034.57748;61659.58489;4.509;16.101;2.009815886
550.281;97.99305;6.547334322;712;3367.45008;58028.62508;2.868;22.546;0.774590311
153.266;438.31359;4.316176559;404;13748.0674;55690.90331;0.241;0.783;0.136730163
362.975;949.4;8.455964619;41;3199.23094;36505.47896;6.851;42.543;2.849347958
248.263;240.40484;13.38127399;188;5053.75623;33113.10947;5.958;27.94;3.422488073
0.964;252.42;6.97322804;32;8860.40752;28342.27235;15.559;22.678;5.369152008
1579.2;300.5;3.182789464;26;559.00247;27057.03189;0.791;20.08;0.31489631
144.794;3.01;19.12129744;169;7527.79885;25968.6939;5.94;20.408;4.381260211
55.258;194.724;2.983897676;153;6100.23686;22076.05059;3.686;7.833;1.634286519
176.035;1400.68;11.55497997;99;4240.0477;17985.47821;3.417;12.561;2.042854039
144.484;115.57463;11.64696428;91;3138.18008;16916.93374;8.93;29.231;4.121757795
323.216;83.1183;12.29881909;149;2128.79537;16345.37747;6.626;39.668;3.987098822
72.814;396.726;10.7645737;23;3516.4276;15738.67423;10.299;28.52;4.895809516
78.404;4.9883;8.149684505;29;3332.47306;15433.08817;11.52;28.964;4.680815391
130.119;72.42051;14.85067772;187;3759.86767;15372.46136;10.879;29.811;5.409442583
84.983;420.7;9.318629409;135;6362.46612;15262.46426;0.849;1.911;1.062801754
6.344;673.134;1.343123497;10;1654.03747;14901.92025;1.622;5.752;0.486367308
39.826;37.75751;2.141337086;51;881.34125;12761.16945;4.45;24.301;1.308785959
555.585;3.00506;19.22251858;80;1283.45803;12581.75376;2.838;23.049;1.719160384
3.942;51.085;2.354707932;16;1939.33593;11801.23819;5.345;11.429;1.416946109
179.694;1640;6.601354007;56;2671.13912;10436.28315;0.571;1.996;0.36799431
33.565;60.5;1.903807721;10;798.93264;10266.25051;3.808;11.611;0.769317313
116.334;393.06185;19.26374293;56;2713.05857;7449.13646;9.202;24.027;8.077567807
168.756;1502.5;8.730511631;61;2612.33295;7166.71728;1.811;6.294;2.164030045
398.463;102.12145;2.886710623;22;426.2482;6894.85024;3.814;25.031;1.110225785
46.198;60.2;3.817057271;2;867.97992;6775.85655;4.861;20.725;1.987887328
10.005;60.19999;18.01633095;29;1289.86381;6568.71222;43.887;76.641;11.28666095
52.741;72.1212;10.73669369;39;2667.84776;6290.63702;7.141;13.683;4.456079955
77.514;83.2385;6.507027652;35;1325.00522;5627.2652;3.986;8.503;1.766154594
19.216;240.40484;23.51560598;35;2843.48912;5537.970909;17.758;25.66;10.02315317
515.743;62;9.981209151;2;260.26251;5480.7683;3.238;29.138;1.657821143
7.564;60;24.82506159;60;1893.54869;5330.86591;25.112;44.832;12.1315529
6.059;184.45;31.81921437;44;6091.191;5323.33577;15.957;18.17;15.71366878
2022.607;3.006;7.128523931;28;83.00302;5182.139229;1.24;44.757;0.251857511
72.405;120.20242;8.904766271;44;1260.49912;5138.52556;5.406;12.206;2.460497269
206.363;60.31;2.761826082;24;420.35934;5003.204899;2.229;17.75;1.133043974
111.919;246.41496;9.508158756;15;816.83407;4991.07178;7.862;29.668;3.595385198
18.905;60.105;2.749209101;69;2450.80074;4863.22983;-4.203;-6.113;-2.950192813
152.111;63;1.663886229;6;443.729;4769.52872;1.847;10.165;0.709961134
60.57;297.0121;16.30568509;49;3386.86676;4627.26951;0.635;1.151;0.643248652
468.289;253;6.264119653;29;375.23473;4512.99154;1.639;13.794;0.803074406
5.192;12.03;10.95677037;29;2125.02606;4510.48195;12.138;18.913;6.834294881
18.187;42;20.19994814;30;2561.88305;4433.94945;17.57;23.534;0.812138163
688.971;476.0003;7.231944645;49;538.36108;4381.24756;0.676;6.606;0.50515107
69.543;187.92;11.72853427;37;1486.82908;4360.887359;7.585;15.161;3.807645407
452.073;20;9.539835047;33;370.20218;4334.19318;4.617;32.041;2.01772963
20.816;154.2;5.704558732;12;723.61251;4268.61816;12.59;25.289;3.298931287
22.162;21.63648;9.574836017;29;2094.46082;4196.844679;4.924;8.587;3.299691444
7.505;63.1062;21.55954512;22;2131.6595;4050.45743;15.51;20.358;8.578019805
21.848;177.29857;10.29631599;16;1506.89059;3995.19945;8.397;15.225;4.288394663
253.185;63.006;12.45088292;13;724.58592;3980.432889;6.047;23.894;3.59068616
491.142;160.55;7.550079656;18;417.27888;3972.67958;6.377;47.137;3.713705452
69.269;60.10122;0.831753239;3;180.68665;3921.67033;1.03;7.594;0.271194392
36.181;3.00506;13.60239698;39;1367.81406;3861.53117;12.273;24.28;6.360636663
0.879;99.06;0.599181719;5;525.65568;3649.50689;0.775;2.078;0.224567496
192.923;60.2;4.003079164;4;272.11749;3578.28247;1.521;8.941;0.446047514
192.876;114.436;1.63222377;11;368.12132;3570.27334;0.474;2.651;0.113183733
37.936;60.3;6.08217826;4;221.58776;3419.65681;8.889;69.764;3.408707211
16.893;111.126;16.45598106;11;1379.11994;3277.6829;15.123;25.012;7.981018778
319.382;154.46011;3.978826934;28;446.68051;3227.08482;0.647;3.792;0.52493724
15.369;321;2.254283353;26;347.61679;3177.26784;2.287;9.206;0.755466369
223.924;360.60726;8.047615716;37;847.79552;3081.573429;1.614;6.496;1.348790518
268.588;84.78;19.70034002;38;477.1559;3055.84977;7.401;36.552;4.325204924
630.894;3.1;11.4282748;27;244.13002;3045.32413;5.124;59.007;3.516237531
54.97;168;1.977241837;8;554.42066;3033.11899;0.812;2.694;0.226155783
51.708;1549.6865;3.396901904;3;719.03051;3032.52658;5.28;12.596;2.001074902
50.161;60.45;0.60826775;3;157.36143;2971.9478;0.818;5.502;0.218511577
48.027;754.3805;15.3363957;24;1435.36099;2961.80836;2.233;4.336;1.719450545
25.092;1202.02421;-3.523412409;13;3434.04324;2895.44474;-3.716;-4.877;-4.564894715
500.048;127.5;2.519890742;27;108.52043;2862.33624;-2.894;-34.783;-1.09596788
80.214;600;19.24420563;21;1301.53132;2776.09106;5.494;12.209;4.37915108
-1173.596;60;-17.69021636;28;-43.34483;2749.41969;-47.032;1355.158;-17.33564298
151.506;60.1;3.412856618;27;214.55508;2729.11214;2.183;11.352;0.665610345
17.615;60.3;2.31497056;2;141.62465;2699.56392;5.03;37.726;1.502598983
76.821;3.5;23.26560936;18;252.00795;2691.93787;7.659;38.931;2.733477277
98.458;110.5;12.31763091;16;609.65678;2690.1557;6.101;16.451;2.634441568
4.355;62;10.26867098;13;739.70368;2655.30414;15.855;29.409;6.300374166
49.225;39.6668;6.992185026;8;957.87831;2611.25382;4.08;8.359;2.363870275
556.47;60.03;4.16523199;5;222.61262;2601.46266;1.96;21.82;1.425844453
159.752;19;14.09896831;54;514.56406;2585.75366;14.758;48.287;7.25227397
81.549;190.4;8.957738858;26;774.59989;2568.805619;5.795;12.474;2.796800622
260.144;100.5;8.576061589;5;344.61618;2538.69183;1.773;8.386;0.852655305
319.374;70;14.41154495;23;193.51168;2538.34;15.161;82.891;4.739434827
85.614;3.00506;6.852737588;7;357.63037;2516.12305;4.01;17.473;1.769559323
4.698;10.217;4.45939604;19;1229.98342;2444.42328;2.761;3.992;1.602110548
25.545;12.62125;2.763231344;21;213.02396;2383.350539;1.781;4.76;0.271328724
0.013;272.854;-13.17860708;16;8389.828448;2366.11152;-4.948;-5.247;-14.08064488
401.973;60.3;1.550891492;4;121.23142;2358.20602;1.781;18.916;0.77863577
110.228;138;3.440767079;12;335.47413;2328.32624;3.246;12.408;1.323443877
86.458;60.2;2.038840391;5;307.47616;2300.5793;2.446;12.202;1.630895749
174.016;102.17206;7.171091718;11;302.37274;2282.29545;1.692;8.205;0.835789249
67.434;33.055;7.934068403;20;1570.09725;2249.62074;0.138;0.322;0.170353653
100.479;60.3;17.49070816;17;605.42626;2249.12185;12.843;31.603;6.501741113
1.065;91.0818;5.903602075;57;771.67743;2245.07696;5.796;7.47;1.758297854
250.816;135.56;14.02763352;24;428.09837;2195.9958;4.492;17.425;2.54998346
8.714;360.01;-2.570338605;19;2652.64718;2125.087929;-6.831;-7.93;-9.891985865
174.979;60;9.962090651;18;252.93991;2090.62448;11.371;50.988;4.626401759
616.625;60.3;14.12552833;17;224.20648;2086.96824;0.574;4.996;0.405767076
247;406.049;11.16963756;18;417.17078;2082.95974;1.296;5.645;0.856855377
976.686;3.00506;1.68841741;20;120.45052;2070.18478;-0.479;-15.518;-1.396851388
230.389;30.05061;12.57931777;21;227.13483;2047.41188;9.426;42.898;3.587003092
396.515;110;-2.781613849;13;192.25227;2038.28926;-5.788;-32.806;-3.640888461
197.61;60;1.460454724;16;100.22998;2014.57803;0.831;10.792;0.280544606
781.432;63.1;2.413038428;23;79.19752;1997.41991;1.249;15.241;0.359118779
19.807;34;18.88711688;25;745.25447;1975.33637;15.272;28.304;8.092301262
128.968;10;13.44291554;21;461.12028;1922.67343;8.266;24.337;3.990193398
59.847;226.734;13.77828966;17;475.011;1919.8933;19.117;40.149;7.450177049
753.283;60.11;7.873836131;5;110.20119;1916.98465;0.364;4.213;0.18561338
189.341;9;13.48353833;7;350.44368;1912.6062;12.956;49.31;6.622531078
-1310.75;65.9297;10.61031593;29;-64.84877;1871.00336;2.576;-65.261;2.23533964
39.402;62.4;4.810718941;17;288.70851;1854.99049;2.036;5.175;0.602210201
6.306;601;1.227084493;12;1569.72959;1840.04472;-0.696;-0.908;-0.605318417
48.676;180.30363;2.890578378;24;568.97691;1827.34141;4.067;9.272;2.075096184
532.399;9.08;2.090188078;15;41.72799;1809.01228;2.019;41.597;0.611854332
137.996;60.103;8.566853392;52;508.54956;1805.60613;0.872;2.907;0.614091845
234.873;169.2;6.607971083;17;202.96067;1799.93781;2.185;9.916;0.731513607
1128.425;3.02;13.60026677;20;62.40583;1798.33296;0.622;17.414;0.453229751
112.405;90;6.453542854;11;216.86835;1795.36578;-0.052;-0.355;-0.042943338
93.964;282;8.20574938;11;375.36775;1779.21526;3.449;8.122;1.178674965
130.274;60;11.36945641;8;254.20228;1759.47374;9.578;37.27;4.130928945
161.475;92.3;8.114468173;6;132.36588;1746.06654;4.084;26.596;1.512531426
87.719;96.32093;9.992183777;15;718.86342;1693.93832;3.696;7.967;2.456464885
162.483;3.12496;11.32033283;16;702.88144;1686.77014;1.25;4.658;1.648184409
11.968;168;4.245810196;8;276.32642;1670.24447;6.253;23.282;2.888589716
0.651;3.00506;3.164467048;3;298.92386;1662.47612;5.887;13.438;1.901783708
12.791;4.146979;30.5250153;18;1559.38272;1638.825669;18.906;25.306;18.40223037
76.665;60.10121;6.240235713;19;1308.16268;1627.90309;-2.426;-4.925;-3.096527079
82.417;60;17.51098944;11;449.34611;1627.07779;16.86;40.92;8.579707182
227.238;90.15182;6.473614784;5;107.27272;1567.91288;5.894;55.918;2.869332255
37.017;63;9.637496706;2;255.41214;1566.19239;9.943;29.863;3.647419715
18.934;49.5835;8.568815834;21;602.42388;1563.05132;2.413;4.913;1.402064009
1678.685;3.00506;4.415029266;15;37.33687;1556.99021;3.34;101.478;1.470629071
359.658;29.449;2.196740048;9;96.69258;1543.51126;1.517;14.251;0.639297571
42.299;130.18;12.3277426;6;298.85064;1527.03996;19.077;45.831;6.788101993
75.658;60;-2.216280198;4;107.86537;1525.56;-5.129;-32.602;-2.305502344
284.645;60;10.5616859;12;271.84031;1508.40709;3.63;16.536;1.946985677
100.818;3.1;23.05902586;19;382.98407;1498.17864;18.667;48.357;9.328873491
47.133;60.2;8.719108987;6;463.10702;1496.72656;2.9;7.581;1.759295967
977.416;3.006;7.654683952;27;85.63541;1484.05683;2.344;38.303;2.210244873
222.653;3.1;5.372577441;14;151.18205;1469.84852;1.086;5.251;0.359241101
43.4;153.0146;3.664829125;15;869.11722;1451.10756;1.081;2.955;1.330592649
19.141;597;19.45011036;1;943.9458;1450.20788;9.699;13.676;6.505255768
223.033;90;18.10777858;8;184.44804;1446.90023;3.605;17.042;1.631860752
756.129;60.122;5.637200745;8;72.32333;1439.109829;1.077;13.198;0.444821849
136.295;20;11.0157174;50;173.16409;1437.00137;11.531;52.925;4.199221466
405.343;18;8.409784814;12;113.18003;1424.77741;7.132;41.103;2.318835405
107.48;6.01;7.993261475;13;226.61685;1423.56972;1.924;6.799;0.764960778
3002.002;60.70222;9.89161036;14;76.98065;1397.200079;2.411;88.33;3.670271594
203.228;3.006;22.95338467;11;367.15569;1375.43331;1.492;5.143;1.041827454
732.754;29.5;5.476813528;10;72.5065;1357.36781;1.229;16.056;0.598231512
72.666;49.02;9.355109984;20;169.63425;1353.37403;7.972;30.878;2.789664879
42.705;60;1.274276148;6;74.53446;1352.66305;0.871;5.813;0.24026785
173.392;74.1;8.135896765;16;333.13032;1335.89994;0.536;1.755;0.328578501
195.544;66;6.252517391;10;93.96159;1330.32065;1.442;7.217;0.330630063
608.255;25.1;13.10583642;13;71.97956;1320.72883;1.626;15.086;0.554362851
96.608;280.5;14.75291184;10;605.33651;1319.10345;4.81;11.176;3.847116767
0.451;42.098;23.58715711;3;646.35787;1303.71096;34.871;40.258;15.35031076
151.635;43.3;12.68793534;18;693.55392;1292.29221;1.39;3.884;1.563654864
6.735;103;14.98937309;23;696.91915;1290.04608;15.931;20.094;8.097140995
1141.43;6.01012;11.96573501;16;206.7111;1290.028529;2.41;33.138;4.096118546
85.203;220.00506;4.474821324;28;517.37675;1288.8128;1.52;4.043;1.122934999
19.081;64;17.84237062;9;363.22148;1256.498;29.499;51.725;11.21438395
72.946;60.008;8.122741638;3;184.55571;1250.50278;8.426;29.954;2.969253695
215.974;240;7.637094763;5;265.31881;1245.19128;1.173;4.557;0.683121888
123.476;60;3.477044561;6;161.78333;1244.49344;1.25;6.445;0.628959337
25.169;100;6.77101106;21;135.11066;1235.888559;7.922;30.572;2.849701169
363.144;35.5;15.62336131;8;172.66225;1230.41909;4.698;28.32;2.982335068
132.536;46;10.87142847;5;115.81648;1203.28469;21.345;88.836;6.255788078
36.394;63;12.01396932;8;207.55722;1191.17351;22.159;56.612;7.3983294
1017.599;19;9.424317121;8;53.56766;1177.67355;1.792;34.606;1.118854202
281.792;60.146;10.74050529;9;173.60084;1172.45415;1.821;8.477;0.941476475
25.981;154.457;4.966312081;15;237.92392;1170.02228;4.904;9.934;1.515123272
99.246;6.01012;0.185999375;17;321.37681;1144.10704;0.045;0.197;0.044810902
271.235;15;2.881174293;3;44.30005;1124.12047;15.323;65.565;1.857609621
372.971;24;13.10477439;9;155.91905;1112.53475;2.724;18.01;2.056004093
119.769;59;9.887694054;7;159.46861;1106.522;11.665;47.146;4.933265674
2775.88;156;11.28499587;19;21.51037;1096.13403;5.245;221.449;4.345691193
-155.907;208;6.237403432;14;-145.55042;1088.88291;9.769;-24.93;3.332419828
579.098;27;14.83906651;11;76.97265;1086.22109;3.14;30.987;1.527797439
214.521;9;6.535213576;11;132.80856;1057.32817;4.159;20.795;1.878232049
20.795;44;5.848633773;2;85.16801;1051.3151;0.434;1.539;0.093509548
478.594;89;15.12007678;12;122.53113;1049.363;2.732;20.452;1.689858642
181.112;61.46;6.210482609;9;200.1425;1042.31642;5.471;24.739;3.562774153
4.245;55;4.153805156;2;70.4061;1041.259559;13.34;29.175;1.479614931
44.243;32;8.375604953;1;156.21739;1036.42815;10.589;34.947;3.991405212
7063;60.40171;4.30262591;9;3.79615;1025.03543;2.496;409.558;1.267780568
161.553;60;4.820653673;5;177.964;1016.61296;1.601;6.616;1.158280532
140.167;224.25;-1.767356204;18;190.26178;999.33166;-3.767;-13.871;-2.641000065
22.074;270.4545;17.56326767;11;693.56534;998.961519;9.746;13.744;6.533764226
51.9;6.01012;13.05430767;9;256.92976;997.85874;1.46;6.109;1.143632815
62.445;77;13.81416638;6;164.55721;993.09502;17.99;41;5.015190061
528.484;24;15.9987411;8;74.52492;988.22938;7.141;53.838;3.088394316
18.338;25.5;6.164754105;4;121.33167;970.71463;14.723;25.483;2.388887453
61.868;960;6.116493532;6;413.82193;942.67271;5.135;11.374;5.002524543
690.385;3.00506;6.065180096;13;61.02929;927.303049;1.034;10.642;0.515561984
287.276;222;14.38056265;8;284.42922;926.87993;0.923;4.178;0.961633725
180.274;28;7.931421577;10;140.89061;923.97459;9.547;41.913;4.793380736
114.477;240.52504;74.11082094;2;4995.71993;918.12104;4.186;9.229;38.2340274
526.019;70;14.23058993;12;118.21341;884.84703;-1.477;-12.487;-3.363995252
0.086;214.8;1.826665302;6;485.07102;882.97128;0.724;1.288;0.578621311
256.2;89.3;18.23784146;6;34.16523;871.97353;47.517;404.18;11.52087495
7.133;122.60808;8.702547816;9;351.54738;866.44511;2.49;3.278;0.189602317
199.05;80;16.17540584;7;147.44558;853.19578;2.322;8.584;1.069184848
367.19;3.00506;1.060383497;22;43.21476;835.67502;-5.993;-51.427;-2.063893211
23.964;60.10121;21.45885552;8;446.74632;830.89352;8.084;16.072;6.710421812
144.546;20;8.844427951;7;109.58629;826.63673;4.643;19.49;1.937880258
443.52;45.01;4.80468736;9;46.64778;815.2997;1.722;13.804;0.731238353
204.357;23.006;12.77944907;6;129.44322;811.79156;9.239;38.388;4.787653865
22.52;407.48;17.6116541;9;568.84052;809.57274;6.764;9.681;5.539392713
15.645;26.44453;23.5175417;8;333.20322;808.39637;29.46;51.405;14.57272203
4.773;3.006;26.93268781;17;232.26859;794.41154;44.918;88.292;19.54389409
279.181;60;5.241370082;5;131.00046;788.42;3.172;16.716;1.898344791
156.437;3.00506;15.05615274;7;141.42078;780.82922;7.394;24.884;3.394410624
156.241;130;13.09004288;9;179.81063;779.79905;5.298;17.945;3.103504679
39.985;18.03036;23.93962697;9;356.534;777.464909;15.527;35.896;13.49464985
175.745;73.3;9.303118351;5;223.46162;767.78202;1.891;8.547;1.616826088
94.586;60;4.350633614;1;79.90535;752.26353;0.595;2.777;0.221297449
18.248;186.31242;-52.81028313;1;613.42363;747.282;-40.154;-66.709;-54.75988047
6.394;320.677;5.372641616;5;308.66819;746.46185;2.648;3.93;1.625330216
52.312;24;6.841273331;6;105.64689;745.25907;0.265;3.72;0.395512127
51.36;33.05567;10.93972425;6;214.81292;732.07186;6.247;14.638;3.259576093
183.896;4.5;2.965973323;14;24.98008;720.59313;5.084;41.501;1.079008344
-500.194;72.12145;8.881213736;11;-107.00835;717.06769;6.289;-35.8;4.013752133
1125.377;6.01;12.85055704;8;145.21367;711.78323;1.339;19.503;4.143732074
38.857;353.13506;12.53436721;7;657.78874;711.35398;1.464;2.342;1.624859117
0.015;48.08097;11.04150746;8;430.43714;696.5519;0.679;0.922;0.139189915
33.646;60.2;10.08893453;19;84.98474;695.70052;24.195;54.93;6.238253207
-521.766;20;5.500272876;6;-37.44575;694.87607;-8.789;79.99;-3.268687897
22.413;60;8.97633526;4;89.6173;693.21278;11.454;44.09;4.273346731
16.175;218.8;26.3388193;7;397.29174;677.48762;20.416;34.459;17.25158609
37.937;33.01;12.9282129;6;185.15456;676.17095;16.124;29.984;6.115049752
544.187;19;2.228521953;11;15.96518;672.68487;-2.194;-87.399;-2.074308584
279.98;24;9.613991394;6;103.51531;660.62288;6.504;32.968;3.991440281
0.666;65;1.321039018;2;83.76437;660.16906;1.824;6.329;0.602928378
20.804;3.1;-2.621424306;6;177.26736;653.10076;-18.874;-34.164;-7.048961201
38.743;60.10121;10.47137007;7;312.83966;653.02534;3.448;6.401;2.895657923
84.473;156.9;12.84235227;11;186.0827;649.7087;1.015;2.433;0.696940029
74.277;67.91312;27.07178759;9;348.6774;649.359679;5.363;10.959;4.422095644
55.285;60;12.54500376;3;117.94634;642.08526;11.734;48.186;8.129516943
-101.746;61;-25.00492629;21;-140.85431;635.163;-55.675;113.334;-25.13317526
400.756;105.726;10.39420295;2;101.23065;615.97738;2.351;22.215;2.750445154
0.049;3.01;12.42592629;6;204.49621;613.61349;24.86;34.466;8.61488068
15.32;191;25.01477466;5;529.32504;613.29357;13.218;17.058;11.6317987
98.209;3.5;6.998575731;6;98.98386;612.6983;0.763;4.083;0.347075879
211.412;60;96.12664675;1;1059.345129;611.19376;7.475;24.549;32.58795835
3.957;27.04554;3.116428422;1;126.34039;587.57775;2.677;10.329;1.665730195
0;59.3;3.402247872;3;69.90294;574.91255;1.787;17.687;1.612986184
-33.929;63.76738;4.91957659;14;-82.86768;569.44738;2.667;-9.255;0.99049187
487.438;42;19.22818515;3;44.64768;568.60062;0.593;4.722;0.278142504
-8.846;19;12.5516772;6;-801.21874;568.33815;17.911;-8.526;8.972619558
331.258;49;15.66108528;10;76.46894;567.72463;8.735;47.895;4.895032954
563.967;31.0005;6.232449618;4;45.3242;565.82847;3.273;27.853;1.740184853
190.656;132.5;11.2165317;3;143.50728;563.77072;0.52;2;0.214363168
233.942;60.1;1.290392346;1;52.22238;556.79732;0.564;3.586;0.336411461
39.569;3.0052;15.10754782;1;180.17683;553.16416;4.198;21.771;5.318536906
35.548;21.03542;16.18142133;11;164.90169;552.73964;16.719;29.136;6.476112334
80.636;9.03;8.15552027;5;134.08806;544.36711;6.501;19.646;3.629451456
239.402;14.001;27.45486409;3;109.46967;540.3058;15.047;65.287;9.11964932
623.202;3.1;11.60666763;5;26.30088;536.37385;3.632;39.851;1.542509949
10.923;12.02024;3.183194252;8;379.62378;536.24679;1.145;3.279;1.748084801
50.37;180;9.542339177;5;190.4787;532.22799;2.459;7.467;1.968836701
309.104;3.1;9.763163994;5;33.84967;532.20807;-1.154;-9.449;-0.664018561
1.508;8.0534;17.02029562;4;583.00984;525.89415;7.292;8.149;6.775876857
90.236;63.0294;9.249922563;9;217.14444;516.92919;4.404;9.832;3.178966063
3321.498;9.1;8.484593941;5;3.99708;503.14653;3.836;229.139;1.820318626
199.303;147;3.182303654;6;129.08178;500.82998;-4.336;-16.201;-4.194391516
36.708;67.15219;13.74782677;1;110.07712;498.26217;13.373;34.907;5.783941012
50.805;3.01006;7.37285404;8;101.76531;497.22441;4.324;9.104;1.176183205
17.292;4.207;17.32769751;9;314.78401;491.56935;18.063;25.56;12.70979568
837.279;3.01;5.057364791;6;4.13143;486.74008;15.828;494.784;4.16033325
19.189;19;2.83978976;2;32.94171;479.76399;5.605;32.173;1.657914328
639.077;9;15.14024583;4;34.24793;479.550839;5.792;60.003;3.020676573
32.105;12;36.30924624;4;426.80299;478.87303;22.91;33.536;23.06808895
33.142;165;21.71647281;3;383.18576;478.26496;10.87;16.088;9.844137442
167.571;75;-25.11954342;5;127.8163;477.6758;-31.374;-146.655;-29.43149936
283.735;24;11.19276349;3;45.31472;468.7677;7.652;44.308;3.212392833
-90.37;3.01;1.095601665;3;-54.17634;467.85252;7.464;-6.136;0.710591449
41.079;60;7.587556302;6;117.35221;464.04598;3.669;16.677;4.217519566
159.938;15;14.58675828;4;43.0965;461.39471;17.359;77.091;6.089488926
440.229;19;7.021436937;5;13.96514;457.82566;3.579;77.165;1.765355398
913.106;14.1;8.323420935;3;19.84502;457.79848;3.019;38.929;1.255489881
102.35;61.3;0.091018122;4;43.072;455.90811;-13.358;-41.698;-2.983151583
155.941;148.9;10.94606236;8;160.72589;455.46744;2.736;10.27;2.596429286
564.781;30;6.509271857;7;31.57098;448.04887;2.203;19.069;1.222730458
823.303;9;9.051652837;11;32.32778;440.82138;1.974;58.278;3.224447217
263.78;54;15.04279386;4;49.58711;437.79999;-2.204;-11.66;-1.007969415
-114.367;39.18526;7.16312223;7;-27.47829;437.73384;2.405;-21.58;0.913150786
197.332;16;22.39846045;5;95.30604;432.40342;15.532;67.085;14.78623134
138.645;3.01;13.9088248;2;121.48408;428.56367;2.532;7.576;1.607868441
1373.538;9;4.141543923;5;15.25874;428.50614;0.83;18.602;0.352429022
220.854;80;14.0007306;3;86.49924;426.15599;3.798;15.077;2.264152193
149.608;15;21.82118456;6;290.01196;422.31685;2.171;7.101;3.985935281
424.472;3.006;4.474210929;4;36.54539;415.44711;2.199;18.456;1.21763514
169.67;66.1;-2.36664934;3;90.21529;411.67907;-9.401;-35.948;-5.992657775
215.696;9;3.770789935;2;53.29221;401.75269;1;4.115;0.409406095
64.754;30;13.34688044;8;133.14603;397.001329;10.793;21.286;2.47529313
122.745;24;7.386675718;4;26.95518;395.83882;0.569;3.968;-0.114554202
36.129;42.07085;-1.867466036;5;136.88304;395.13811;-4.725;-9.964;-2.58887962
156.746;34;13.86290757;4;58.2107;392.42474;9.751;36.609;4.07289306
542.857;47.1;15.83077311;4;47.33789;386.36578;2.402;19.356;2.371563548
71.664;12.02024;19.15772656;6;173.40904;379.85645;3.701;6.704;2.295446082
235.918;14;2.872106147;4;13.66278;377.92301;-0.429;-2.55;-0.106103621
25.38;9;26.91675999;3;91.01493;373.258;28.875;84.473;15.44854497
29.201;18.03036;11.72579345;7;309.17313;369.86761;4.012;5.602;3.553759172
82.889;100;12.47772016;6;107.1817;367.00109;3.187;7.444;1.630632759
2127.01;19;2.280207358;3;4.53658;360.0348;2.02;72.499;0.913525581
5.099;97.6;5.857881102;1;104.88282;355.89046;1.434;5.059;1.190172392
276.389;14;19.22243181;2;77.19846;355.80582;3.67;15.479;2.701667659
-20.736;379.3;-21.62927541;5;-110.91445;353.27152;-31.891;70.433;-22.11352899
110.982;6.01012;7.645479121;2;187.54905;351.84963;1.512;6.936;3.697437454
489.562;34.09316;11.29798418;6;27.01764;349.22159;5.011;36.427;2.074316196
5.822;102.8;22.27115236;5;502.80005;336.88396;6.392;7.321;8.201319529
160.993;21;6.579766899;2;40.02264;331.8651;5.208;26.522;2.718767355
325.415;60;12.73103142;2;51.85332;328.3298;1.951;16.539;1.942351867
9.037;60.10121;6.57191748;5;135.44572;327.95497;5.866;8.717;2.700151182
53.005;78;8.981635461;1;283.05911;325.97369;0.663;2.021;1.325604722
-1446.266;36.06072;4.335393172;3;-8.36926;325.81382;-2.147;113.903;-2.20854847
-22.99;3.1;15.36948975;6;-71.64188;313.3957;24.655;-38.884;5.433708886
288.792;24;9.640430004;2;23.1677;303.39072;-0.613;-3.984;-0.259230078
-3943.316;122;6.534617411;2;-4.20935;302.6196;0.958;-47.9;0.491879992
0.204;60.40172;12.60752145;4;555.27413;301.17205;4.782;6.902;9.267233217
55.053;49.28299;3.891049717;4;31.8373;300.97765;-5.28;-39.543;-4.806037923
27.899;13.52277;12.91280585;3;207.69887;294.48983;4.062;5.82;3.077240392
133.345;103.3;-1.662353931;2;63.70341;294.07089;-5.376;-22.457;-3.648718851
510.328;30;-1.323267606;3;46.87922;294.03274;-5.361;-42.301;-6.744367991
0.215;84;15.37431268;6;209.02773;292.43454;5.161;5.788;3.114444641
59.837;14.1;10.5818462;3;38.43246;292.02597;7.149;43.508;5.162034048
237.005;15;20.2511805;3;60.97492;289.95006;17.56;80.847;12.75631742
-136.235;75;10.83713694;7;-152.11542;289.89391;-15.659;23.176;-9.121095369
51.778;25;7.543883376;4;18.42824;288.44123;9.446;59.713;2.83990607
748.613;60.1;0.888389843;3;60.38186;285.879;0.05;0.622;0.09859416
364.374;3.01;3.663420489;5;84.29945;285.50109;0.405;3.234;0.719054323
10.108;65.1;-0.654180815;1;61.16947;282.8551;-8.551;-14.571;-2.740107445
196.777;120.20242;19.93862572;2;234.66585;282.65799;2.714;8.35;6.239907241
4.912;12.02024;17.48423075;1;89.72183;280.60777;24.8;46.906;11.24843763
-418.858;12.02024;6.10216333;3;-42.5823;276.38821;4.63;-22.151;3.412891599
1313.049;48;11.50668176;3;43.30808;271.62;-0.658;-14.094;-1.727383845
76.303;12;23.73495751;6;239.10183;270.33341;6.694;16.011;10.62129169
172.378;3.60607;16.23391179;2;28.39222;268.86049;6.732;25.238;1.470972245
251.402;117.5;5.610350233;2;25.29888;265.54688;1.325;22.697;2.162375246
-40.964;3.00506;3.92811192;3;-244.48263;259.28332;1.714;-0.973;0.406377857
-268.872;3.00506;59.1067725;5;-185.62855;258.07826;27.142;-48.009;34.53203304
834.089;26;9.087079683;3;27.5362;252.21084;0.584;8.467;0.609093566
265.126;14;5.631355937;2;15.9223;250.81668;2.311;24.591;1.561084374
66.264;3.006;19.08621658;3;98.36413;249.372;8.619;21.628;6.273815825
208.748;20;8.688946557;4;24.15468;247.25735;4.248;24.686;2.115071605
210.505;3.1;15.52606984;4;26.96025;247.14342;20.429;118.002;9.654414429
239.67;17;8.95267789;1;33.7258;246.84994;6.84;32.325;3.312348385
-11.272;4;1.0156371;5;-426.47408;246.335789;1.382;-0.523;1.010742703
28.031;20;20.39904457;3;65.27048;245.6064;32.84;66.387;13.23195568
297.956;19;17.34959636;3;55.98064;245.39349;4.371;21.93;3.752137027
255.241;64;-6.824569948;2;30.76247;241.34605;-20.539;-108.045;-13.7717315
3514.764;66;10.25799048;1;23.87044;239.49596;-6.992;-322.186;-38.3467875
393.657;30;4.57963009;1;18.85415;236.95183;-7.823;-75.139;-4.705380176
-219.893;3.2;45.21443745;2;-38.52307;236.56665;86.519;-242.161;39.43415524
-271.975;17;5.75033619;8;-17.1093;235.66416;4.203;-29.737;1.620335258
2.382;363.52211;-18.23500872;2;502.62528;234.30548;-8.816;-9.754;-15.72777109
195.128;66.6;24.27482428;2;194.6629;233.32;4.159;16.96;12.02764444
88.916;129.198;5.56569983;2;68.80627;229.97478;2.625;13.959;4.184169025
39.403;20;17.80722769;2;55.78048;225.66;8.117;15.626;2.852760791
-163.518;9.01;-7.40328194;2;-14.40217;223.98224;-32.7;215.647;-10.47795171
25.843;30;-4.521407108;3;37.11873;221.87584;-15.638;-44.431;-5.717449904
136.571;45;10.70906311;2;80.68733;221.63274;3.797;10.552;2.875707804
12.092;803.1;-5.372579964;4;850.8097;220.71243;-1.833;-2.206;-36.57068816
15.086;1651.548;14.15928339;4;1754.3149;219.25772;0.814;1.002;8.065287042
285.195;42;19.23198657;3;63.18725;216.297;7.172;31.708;7.873664452
492.001;9;7.83142155;1;16.89168;214.77271;3.002;32.118;1.858375251
30.11;260.8;8.540495103;3;206.25751;213.54125;0.24;0.429;0.310839241
1.743;60.5;44.89494204;1;126.83315;213.49943;39.588;69.732;31.20870424
-443.293;12;-13.36573921;3;-12.63347;212.67952;-33.227;259.981;-11.58243633
64.506;105.2;17.4145355;2;79.49728;203.22414;18.622;38.916;12.94003754
370.658;16.1;15.0570644;2;22.55554;201.30677;4.479;33.671;3.206817138
8820.034;22.01;11.28666;2;1.67918;197.05369;-4.833;-734.755;-6.261171765
61.508;60.1;-14.60289747;3;17.29576;192.68059;-17.718;-200.223;-17.97284823
1005.699;14.1;17.48152156;3;18.85056;186.1223;3.02;36.154;3.211361562
-81.72;12.02024;-12.42638104;4;-140.89894;184.13327;-3.07;16.236;-9.319785781
446.096;97;28.77580429;4;21.31159;183.67921;13.569;121.023;10.5313824
3324.494;12.75;-4.481152535;2;4.10337;183.0538;-5.073;-280.96;-4.723545755
145.492;23.1;18.58243244;1;30.16901;181.85165;12.809;41.142;6.825459104
19.426;50;-0.517626383;3;415.44948;176.15582;-3.453;-4.452;-10.4997723
681.813;19;20.05552633;2;24.16888;175.84091;0.294;2.656;0.273844124
45.421;32.75456;19.63242342;3;16.8717;174.37455;24.201;164.434;15.90991346
135.517;63;0.13219133;1;9.22331;172.74264;-4.679;-37.869;-2.022009234
-38247.944;19.5;-1.600847009;1;-0.233;171.22367;-17.679;8302.36;-8.825170025
177.933;3.1;18.11251054;2;28.61079;163.54094;14.899;57.747;7.577014049
257.456;17.01;16.11122726;2;25.27624;161.96066;11.438;43.604;5.103856702
10746.072;3;6.157077111;2;0.37007;161.443;-3.942;-710.657;-1.629014575
-219.017;3.2;16.77418032;3;-29.1961;159.119669;23.692;-57.468;8.032653163
180.34;14.7;15.04526073;1;33.13733;157.79793;8.509;29.743;4.65290641
196.499;9;9.112824487;2;48.33328;151.97286;-2.69;-9.994;-2.806408986
39.743;58.29817;13.67787091;1;176.66722;151.72588;4.074;5.912;5.162968902
-782.266;29;-11.94493459;3;-5.76453;149.58575;-39.289;431.386;-12.49152409
33.326;3.006;16.93787915;3;72.24519;146.60584;10.063;25.173;9.303783533
46.774;3.00506;17.22611872;2;70.31594;146.485;9.171;18.138;6.530190805
114.217;14.1;0.811181154;1;14.5558;146.16094;2.059;9.019;0.843180127
33.1;9;13.54518496;1;77.85021;143.20085;7.721;12.747;5.111485023
22.595;66;29.9429867;4;101.93579;139.77616;15.249;23.061;12.8002658
237.941;34;0.20238304;2;12.76939;138.50963;-10.29;-55.877;-3.957594862
84.239;20.6;-21.49314986;2;5.84807;136.6688;-48.029;-594.246;-25.42784454
455.598;63.1;2.125449555;1;14.78191;135.9957;2.588;19.554;1.564674471
15.194;18;36.69843929;2;30.95233;134.298;25.179;136.406;23.57872046
1276.19;30;31.51552562;2;32.97329;134.0475;0.337;4.67;0.99622458
1479.1;9;11.66842983;3;11.5128;132.13028;1.547;29.101;1.901759385
488.009;22.02;6.183627642;1;15.62893;130.47797;-5.806;-39.105;-3.582658497
28.902;3.00506;22.5699216;1;59.31429;129.76855;14.586;38.083;13.05518171
112.263;116.4;-3.151752681;2;79.51458;128.1036;-3.02;-12.818;-6.308028156
57.002;3.00506;22.65219585;1;91.24802;126.73504;10.101;17.194;10.11615403
12.457;3.00506;4.682366203;4;118.60933;125.07829;0.772;1.246;0.921945265
-269.554;24;18.37604434;1;-7.4418;125.01265;18.416;-209.95;9.3735154
102.576;20;13.40922994;3;41.08921;123.91575;5.377;12.854;3.2036059
734.066;9;9.826759215;1;8.208629;123.76185;1.17;11.758;0.584946007
-121.082;9.2;-5.652933366;2;-2.01963;122.94325;-31.37;501.473;-8.237865845
17.079;9;29.16530687;1;103.6331;121.92397;19.716;29.526;18.82284509
-1084.915;9.01;8.678572245;1;-4.77976;120.71708;-4.433;67.433;-2.670011568
25.191;3;22.04877678;1;23.81757;118.02623;9.314;46.548;7.045035667
-133.649;3.00506;-5.230553625;6;-159.96488;115.96645;-6.568;11.165;-11.99962019
-34.619;3.00506;32.61139157;1;-41.97522;115.47238;95.622;-77.188;21.04395008
191.777;15;-8.680419955;1;3.09261;115.23595;-26.644;-514.447;-10.33652907
376.665;30.8;23.56772337;2;42.93166;115.012;4.294;33.244;10.54816889
25.257;12.02024;110.8051334;4;106.21119;112.66726;5.595;7.965;34.21978835
116.087;12;0.517796079;1;12.61606;112.34712;-6.317;-24.124;-2.045531938
375.69;9;29.71372693;1;7.86936;109.14474;27.459;324.12;23.36917015
269.872;10;12.02235723;1;14.06916;106.006;6.859;30.666;3.42554195
48.436;26.02382;-2.42594671;1;9.084;105.91123;-2.762;-32.323;-2.772359456
193.33;18;8.715058992;2;16.02028;102.82581;1.802;7.022;1.094102735
27.321;51.144;5.084219893;1;50.77504;102.268;-2.724;-4.066;-1.942543122
-177.083;14.006;-2.071398775;1;-23.96552;100.80285;-18.87;23.374;-6.028281938
61.02;15.19;13.91813485;2;20.13761;99.16185;5.104;39.453;6.767310211
-252.587;3.1;5.53513618;3;-87.42337;98.289;1.052;-1.76;1.174515968
20.852;42.5;11.64637429;2;47.95103;96.588;2.182;3.243;2.188864041
6160.85;24.001;20.69707677;1;7.72297;94.84436;-1.281;-91.82;-7.476754548
1.441;10;41.38904872;1;87.23055;91.1407;23.888;28.24;20.27153829
809.598;3.1;5.019554517;1;4.77223;89.60078;8.999;94.213;3.76343822
93.22;18;21.77229029;2;41.32083;89.14262;11.578;29.385;11.57788497
2.58;99;1.872254504;1;40.11462;88.15575;1.36;3.704;1.264375835
112.442;47;54.09277969;1;100.68834;88.08048;7.834;20.861;17.88580171
-81.572;22.9;8.800577969;2;-21.45341;81.41613;1.573;-2.923;0.770449295
172.04;9;17.80123729;1;14.63181;78.16114;2.769;11.853;1.616199559
770.58;9;-7.300349157;1;1.03393;72.6894;-23.711;-881.198;-12.53412465
279.565;9;2.720333316;1;5.70567;72.14334;-3.699;-21.615;-1.512055665
764.665;9;21.2271617;1;9.19272;68.30249;4.16;44.346;4.476410743
4407.369;3.00506;23.36689128;1;2.75932;67.227;3.076;322.804;9.93551698
106.46;14;17.27091692;1;24.67191;64.3271;13.053;29.803;8.959054582
8.58;12.02024;35.44939014;1;160.70869;61.49;3.975;4.359;8.260318751
252.943;9;8.828570072;1;9.66785;60.67132;-3.943;-19.245;-2.299982924
-289.814;3.00506;28.6664987;1;-15.11367;60.1305;4.066;-49.154;12.35492803
-715.765;36;22.43303177;1;-11.33629;59.25944;12.203;-78.379;6.225117888
997.884;10;-2.136990256;1;7.30543;55.42;-2.849;-39.666;-3.921490437
59.198;3.00506;19.18893764;1;30.34462;55.16074;8.845;17.541;6.311463552
6.211;49.884;-31.36330305;1;30.33389;54.15399;-35.896;-91.002;-50.97412028
31.271;9.2;6.697717781;1;10.657;52.7732;1.954;6.808;1.031243131
42.216;3.02;30.23319502;1;31.3089;50.61;5.274;8.376;5.182039123
71.699;40;23.65574341;1;24.2294;46.64846;9.334;23.064;11.9798167
15.428;15;25.07481317;1;38.29353;37.2528;16.079;19.509;15.04056071
260;13.5;-29.23076923;1;4;37;-62.5;-225;-34.61538462
573.919;3.00506;30.26282671;1;134.96951;26.26103;0.104;1.61;6.466044934
